Region;Period;Cause_death;Sex;Age.Group;Obitos_1;Obitos_2;Pop1;Pop2
BR;2019/2020;All_causes;Female;0;15658;13950;1408780;1356346
BR;2019/2020;All_other_causes;Female;0;13298;12023;1408780;1356346
BR;2019/2020;Circulatory;Female;0;146;135;1408780;1356346
BR;2019/2020;Covid;Female;0;2;129;1408780;1356346
BR;2019/2020;External_causes;Female;0;432;405;1408780;1356346
BR;2019/2020;Infec_parasit;Female;0;569;478;1408780;1356346
BR;2019/2020;Neoplasms;Female;0;73;62;1408780;1356346
BR;2019/2020;Pregnancy;Female;0;0;0;1408780;1356346
BR;2019/2020;Respiratory;Female;0;757;352;1408780;1356346
BR;2019/2020;Undefined;Female;0;381;366;1408780;1356346
BR;2019/2020;All_causes;Male;0;19437;17284;1476538;1421632
BR;2019/2020;All_other_causes;Male;0;16556;14916;1476538;1421632
BR;2019/2020;Circulatory;Male;0;197;144;1476538;1421632
BR;2019/2020;Covid;Male;0;5;154;1476538;1421632
BR;2019/2020;External_causes;Male;0;548;455;1476538;1421632
BR;2019/2020;Infec_parasit;Male;0;687;618;1476538;1421632
BR;2019/2020;Neoplasms;Male;0;65;61;1476538;1421632
BR;2019/2020;Pregnancy;Male;0;0;0;1476538;1421632
BR;2019/2020;Respiratory;Male;0;870;476;1476538;1421632
BR;2019/2020;Undefined;Male;0;509;460;1476538;1421632
BR;2019/2020;All_causes;Female;1;2850;2377;5703153;5648150
BR;2019/2020;All_other_causes;Female;1;996;784;5703153;5648150
BR;2019/2020;Circulatory;Female;1;115;85;5703153;5648150
BR;2019/2020;Covid;Female;1;1;101;5703153;5648150
BR;2019/2020;External_causes;Female;1;527;562;5703153;5648150
BR;2019/2020;Infec_parasit;Female;1;231;202;5703153;5648150
BR;2019/2020;Neoplasms;Female;1;275;256;5703153;5648150
BR;2019/2020;Pregnancy;Female;1;0;0;5703153;5648150
BR;2019/2020;Respiratory;Female;1;530;245;5703153;5648150
BR;2019/2020;Undefined;Female;1;175;142;5703153;5648150
BR;2019/2020;All_causes;Male;1;3662;2832;5982162;5923202
BR;2019/2020;All_other_causes;Male;1;1289;862;5982162;5923202
BR;2019/2020;Circulatory;Male;1;135;90;5982162;5923202
BR;2019/2020;Covid;Male;1;1;98;5982162;5923202
BR;2019/2020;External_causes;Male;1;829;836;5982162;5923202
BR;2019/2020;Infec_parasit;Male;1;278;201;5982162;5923202
BR;2019/2020;Neoplasms;Male;1;355;319;5982162;5923202
BR;2019/2020;Pregnancy;Male;1;0;0;5982162;5923202
BR;2019/2020;Respiratory;Male;1;557;271;5982162;5923202
BR;2019/2020;Undefined;Male;1;218;155;5982162;5923202
BR;2019/2020;All_causes;Female;10;1704;1560;7348051;7243924
BR;2019/2020;All_other_causes;Female;10;496;465;7348051;7243924
BR;2019/2020;Circulatory;Female;10;109;89;7348051;7243924
BR;2019/2020;Covid;Female;10;0;61;7348051;7243924
BR;2019/2020;External_causes;Female;10;482;444;7348051;7243924
BR;2019/2020;Infec_parasit;Female;10;90;63;7348051;7243924
BR;2019/2020;Neoplasms;Female;10;285;261;7348051;7243924
BR;2019/2020;Pregnancy;Female;10;14;8;7348051;7243924
BR;2019/2020;Respiratory;Female;10;127;87;7348051;7243924
BR;2019/2020;Undefined;Female;10;101;82;7348051;7243924
BR;2019/2020;All_causes;Male;10;2519;2320;7696334;7586218
BR;2019/2020;All_other_causes;Male;10;606;533;7696334;7586218
BR;2019/2020;Circulatory;Male;10;127;92;7696334;7586218
BR;2019/2020;Covid;Male;10;1;70;7696334;7586218
BR;2019/2020;External_causes;Male;10;1067;1001;7696334;7586218
BR;2019/2020;Infec_parasit;Male;10;107;77;7696334;7586218
BR;2019/2020;Neoplasms;Male;10;316;297;7696334;7586218
BR;2019/2020;Pregnancy;Male;10;0;0;7696334;7586218
BR;2019/2020;Respiratory;Male;10;172;116;7696334;7586218
BR;2019/2020;Undefined;Male;10;123;134;7696334;7586218
BR;2019/2020;All_causes;Female;15;3381;3465;7936624;7788905
BR;2019/2020;All_other_causes;Female;15;763;679;7936624;7788905
BR;2019/2020;Circulatory;Female;15;192;191;7936624;7788905
BR;2019/2020;Covid;Female;15;0;170;7936624;7788905
BR;2019/2020;External_causes;Female;15;1305;1362;7936624;7788905
BR;2019/2020;Infec_parasit;Female;15;159;127;7936624;7788905
BR;2019/2020;Neoplasms;Female;15;326;296;7936624;7788905
BR;2019/2020;Pregnancy;Female;15;199;172;7936624;7788905
BR;2019/2020;Respiratory;Female;15;200;200;7936624;7788905
BR;2019/2020;Undefined;Female;15;237;268;7936624;7788905
BR;2019/2020;All_causes;Male;15;13318;13175;8225283;8104148
BR;2019/2020;All_other_causes;Male;15;937;808;8225283;8104148
BR;2019/2020;Circulatory;Male;15;347;358;8225283;8104148
BR;2019/2020;Covid;Male;15;0;180;8225283;8104148
BR;2019/2020;External_causes;Male;15;10529;10386;8225283;8104148
BR;2019/2020;Infec_parasit;Male;15;223;173;8225283;8104148
BR;2019/2020;Neoplasms;Male;15;479;442;8225283;8104148
BR;2019/2020;Pregnancy;Male;15;0;0;8225283;8104148
BR;2019/2020;Respiratory;Male;15;277;290;8225283;8104148
BR;2019/2020;Undefined;Male;15;526;538;8225283;8104148
BR;2019/2020;All_causes;Female;20;4622;5034;8347000;8306493
BR;2019/2020;All_other_causes;Female;20;914;946;8347000;8306493
BR;2019/2020;Circulatory;Female;20;366;343;8347000;8306493
BR;2019/2020;Covid;Female;20;1;318;8347000;8306493
BR;2019/2020;External_causes;Female;20;1733;1788;8347000;8306493
BR;2019/2020;Infec_parasit;Female;20;255;249;8347000;8306493
BR;2019/2020;Neoplasms;Female;20;483;478;8347000;8306493
BR;2019/2020;Pregnancy;Female;20;302;336;8347000;8306493
BR;2019/2020;Respiratory;Female;20;280;252;8347000;8306493
BR;2019/2020;Undefined;Female;20;288;324;8347000;8306493
BR;2019/2020;All_causes;Male;20;20335;21792;8400832;8395653
BR;2019/2020;All_other_causes;Male;20;1229;1257;8400832;8395653
BR;2019/2020;Circulatory;Male;20;650;620;8400832;8395653
BR;2019/2020;Covid;Male;20;2;370;8400832;8395653
BR;2019/2020;External_causes;Male;20;15898;16958;8400832;8395653
BR;2019/2020;Infec_parasit;Male;20;613;560;8400832;8395653
BR;2019/2020;Neoplasms;Male;20;679;620;8400832;8395653
BR;2019/2020;Pregnancy;Male;20;0;0;8400832;8395653
BR;2019/2020;Respiratory;Male;20;425;426;8400832;8395653
BR;2019/2020;Undefined;Male;20;839;981;8400832;8395653
BR;2019/2020;All_causes;Female;25;5281;5921;8272246;8277869
BR;2019/2020;All_other_causes;Female;25;1028;1018;8272246;8277869
BR;2019/2020;Circulatory;Female;25;540;532;8272246;8277869
BR;2019/2020;Covid;Female;25;0;466;8272246;8277869
BR;2019/2020;External_causes;Female;25;1516;1612;8272246;8277869
BR;2019/2020;Infec_parasit;Female;25;405;403;8272246;8277869
BR;2019/2020;Neoplasms;Female;25;823;788;8272246;8277869
BR;2019/2020;Pregnancy;Female;25;340;431;8272246;8277869
BR;2019/2020;Respiratory;Female;25;304;281;8272246;8277869
BR;2019/2020;Undefined;Female;25;325;390;8272246;8277869
BR;2019/2020;All_causes;Male;25;18620;20202;8150148;8166249
BR;2019/2020;All_other_causes;Male;25;1542;1630;8150148;8166249
BR;2019/2020;Circulatory;Male;25;901;878;8150148;8166249
BR;2019/2020;Covid;Male;25;1;661;8150148;8166249
BR;2019/2020;External_causes;Male;25;12951;13658;8150148;8166249
BR;2019/2020;Infec_parasit;Male;25;991;1003;8150148;8166249
BR;2019/2020;Neoplasms;Male;25;750;722;8150148;8166249
BR;2019/2020;Pregnancy;Male;25;0;0;8150148;8166249
BR;2019/2020;Respiratory;Male;25;557;551;8150148;8166249
BR;2019/2020;Undefined;Male;25;927;1099;8150148;8166249
BR;2019/2020;All_causes;Female;30;7243;8158;8493968;8396742
BR;2019/2020;All_other_causes;Female;30;1362;1366;8493968;8396742
BR;2019/2020;Circulatory;Female;30;918;901;8493968;8396742
BR;2019/2020;Covid;Female;30;0;828;8493968;8396742
BR;2019/2020;External_causes;Female;30;1443;1467;8493968;8396742
BR;2019/2020;Infec_parasit;Female;30;615;577;8493968;8396742
BR;2019/2020;Neoplasms;Female;30;1658;1603;8493968;8396742
BR;2019/2020;Pregnancy;Female;30;393;536;8493968;8396742
BR;2019/2020;Respiratory;Female;30;401;407;8493968;8396742
BR;2019/2020;Undefined;Female;30;453;473;8493968;8396742
BR;2019/2020;All_causes;Male;30;19702;21832;8255517;8171638
BR;2019/2020;All_other_causes;Male;30;2326;2526;8255517;8171638
BR;2019/2020;Circulatory;Male;30;1497;1437;8255517;8171638
BR;2019/2020;Covid;Male;30;1;1352;8255517;8171638
BR;2019/2020;External_causes;Male;30;11641;12085;8255517;8171638
BR;2019/2020;Infec_parasit;Male;30;1299;1251;8255517;8171638
BR;2019/2020;Neoplasms;Male;30;1005;1015;8255517;8171638
BR;2019/2020;Pregnancy;Male;30;0;0;8255517;8171638
BR;2019/2020;Respiratory;Male;30;711;773;8255517;8171638
BR;2019/2020;Undefined;Male;30;1222;1393;8255517;8171638
BR;2019/2020;All_causes;Female;35;10385;12130;8608339;8628980
BR;2019/2020;All_other_causes;Female;35;2010;2133;8608339;8628980
BR;2019/2020;Circulatory;Female;35;1690;1613;8608339;8628980
BR;2019/2020;Covid;Female;35;1;1470;8608339;8628980
BR;2019/2020;External_causes;Female;35;1567;1560;8608339;8628980
BR;2019/2020;Infec_parasit;Female;35;862;784;8608339;8628980
BR;2019/2020;Neoplasms;Female;35;2795;2818;8608339;8628980
BR;2019/2020;Pregnancy;Female;35;323;464;8608339;8628980
BR;2019/2020;Respiratory;Female;35;552;587;8608339;8628980
BR;2019/2020;Undefined;Female;35;585;701;8608339;8628980
BR;2019/2020;All_causes;Male;35;22644;26033;8227095;8265086
BR;2019/2020;All_other_causes;Male;35;3675;3844;8227095;8265086
BR;2019/2020;Circulatory;Male;35;2629;2606;8227095;8265086
BR;2019/2020;Covid;Male;35;0;2337;8227095;8265086
BR;2019/2020;External_causes;Male;35;10532;11016;8227095;8265086
BR;2019/2020;Infec_parasit;Male;35;1637;1631;8227095;8265086
BR;2019/2020;Neoplasms;Male;35;1582;1554;8227095;8265086
BR;2019/2020;Pregnancy;Male;35;0;0;8227095;8265086
BR;2019/2020;Respiratory;Male;35;1007;1137;8227095;8265086
BR;2019/2020;Undefined;Male;35;1582;1908;8227095;8265086
BR;2019/2020;All_causes;Female;40;13760;16431;7792313;8014947
BR;2019/2020;All_other_causes;Female;40;2661;2768;7792313;8014947
BR;2019/2020;Circulatory;Female;40;2806;2787;7792313;8014947
BR;2019/2020;Covid;Female;40;1;2173;7792313;8014947
BR;2019/2020;External_causes;Female;40;1369;1508;7792313;8014947
BR;2019/2020;Infec_parasit;Female;40;1016;1003;7792313;8014947
BR;2019/2020;Neoplasms;Female;40;4310;4253;7792313;8014947
BR;2019/2020;Pregnancy;Female;40;140;179;7792313;8014947
BR;2019/2020;Respiratory;Female;40;723;829;7792313;8014947
BR;2019/2020;Undefined;Female;40;734;931;7792313;8014947
BR;2019/2020;All_causes;Male;40;25925;31165;7347141;7558885
BR;2019/2020;All_other_causes;Male;40;5084;5692;7347141;7558885
BR;2019/2020;Circulatory;Male;40;4387;4200;7347141;7558885
BR;2019/2020;Covid;Male;40;1;3563;7347141;7558885
BR;2019/2020;External_causes;Male;40;8738;9285;7347141;7558885
BR;2019/2020;Infec_parasit;Male;40;1934;1950;7347141;7558885
BR;2019/2020;Neoplasms;Male;40;2551;2519;7347141;7558885
BR;2019/2020;Pregnancy;Male;40;0;0;7347141;7558885
BR;2019/2020;Respiratory;Male;40;1299;1520;7347141;7558885
BR;2019/2020;Undefined;Male;40;1931;2436;7347141;7558885
BR;2019/2020;All_causes;Female;45;17882;21144;6922507;7021811
BR;2019/2020;All_other_causes;Female;45;3495;3786;6922507;7021811
BR;2019/2020;Circulatory;Female;45;4401;4203;6922507;7021811
BR;2019/2020;Covid;Female;45;1;2953;6922507;7021811
BR;2019/2020;External_causes;Female;45;1299;1213;6922507;7021811
BR;2019/2020;Infec_parasit;Female;45;1022;1026;6922507;7021811
BR;2019/2020;Neoplasms;Female;45;5622;5676;6922507;7021811
BR;2019/2020;Pregnancy;Female;45;15;20;6922507;7021811
BR;2019/2020;Respiratory;Female;45;1124;1172;6922507;7021811
BR;2019/2020;Undefined;Female;45;903;1095;6922507;7021811
BR;2019/2020;All_causes;Male;45;31381;37744;6429381;6529986
BR;2019/2020;All_other_causes;Male;45;6756;7665;6429381;6529986
BR;2019/2020;Circulatory;Male;45;6673;6547;6429381;6529986
BR;2019/2020;Covid;Male;45;2;4893;6429381;6529986
BR;2019/2020;External_causes;Male;45;7366;7522;6429381;6529986
BR;2019/2020;Infec_parasit;Male;45;2114;1992;6429381;6529986
BR;2019/2020;Neoplasms;Male;45;4321;4172;6429381;6529986
BR;2019/2020;Pregnancy;Male;45;0;0;6429381;6529986
BR;2019/2020;Respiratory;Male;45;1860;2029;6429381;6529986
BR;2019/2020;Undefined;Male;45;2289;2924;6429381;6529986
BR;2019/2020;All_causes;Female;5;1087;798;7077260;7126888
BR;2019/2020;All_other_causes;Female;5;370;223;7077260;7126888
BR;2019/2020;Circulatory;Female;5;54;41;7077260;7126888
BR;2019/2020;Covid;Female;5;0;34;7077260;7126888
BR;2019/2020;External_causes;Female;5;218;186;7077260;7126888
BR;2019/2020;Infec_parasit;Female;5;73;45;7077260;7126888
BR;2019/2020;Neoplasms;Female;5;217;167;7077260;7126888
BR;2019/2020;Pregnancy;Female;5;0;0;7077260;7126888
BR;2019/2020;Respiratory;Female;5;89;60;7077260;7126888
BR;2019/2020;Undefined;Female;5;66;42;7077260;7126888
BR;2019/2020;All_causes;Male;5;1388;1160;7429405;7482351
BR;2019/2020;All_other_causes;Male;5;445;296;7429405;7482351
BR;2019/2020;Circulatory;Male;5;52;41;7429405;7482351
BR;2019/2020;Covid;Male;5;0;42;7429405;7482351
BR;2019/2020;External_causes;Male;5;371;381;7429405;7482351
BR;2019/2020;Infec_parasit;Male;5;85;61;7429405;7482351
BR;2019/2020;Neoplasms;Male;5;254;218;7429405;7482351
BR;2019/2020;Pregnancy;Male;5;0;0;7429405;7482351
BR;2019/2020;Respiratory;Male;5;114;67;7429405;7482351
BR;2019/2020;Undefined;Male;5;67;54;7429405;7482351
BR;2019/2020;All_causes;Female;50;24751;28760;6487200;6537509
BR;2019/2020;All_other_causes;Female;50;4880;4981;6487200;6537509
BR;2019/2020;Circulatory;Female;50;6308;6093;6487200;6537509
BR;2019/2020;Covid;Female;50;2;4182;6487200;6537509
BR;2019/2020;External_causes;Female;50;1158;1161;6487200;6537509
BR;2019/2020;Infec_parasit;Female;50;1182;1116;6487200;6537509
BR;2019/2020;Neoplasms;Female;50;8258;8001;6487200;6537509
BR;2019/2020;Pregnancy;Female;50;0;1;6487200;6537509
BR;2019/2020;Respiratory;Female;50;1784;1773;6487200;6537509
BR;2019/2020;Undefined;Female;50;1179;1452;6487200;6537509
BR;2019/2020;All_causes;Male;50;42668;50565;5888136;5942314
BR;2019/2020;All_other_causes;Male;50;9301;10010;5888136;5942314
BR;2019/2020;Circulatory;Male;50;10999;10455;5888136;5942314
BR;2019/2020;Covid;Male;50;1;6838;5888136;5942314
BR;2019/2020;External_causes;Male;50;6670;7104;5888136;5942314
BR;2019/2020;Infec_parasit;Male;50;2454;2383;5888136;5942314
BR;2019/2020;Neoplasms;Male;50;7590;7136;5888136;5942314
BR;2019/2020;Pregnancy;Male;50;0;0;5888136;5942314
BR;2019/2020;Respiratory;Male;50;2743;2903;5888136;5942314
BR;2019/2020;Undefined;Male;50;2910;3736;5888136;5942314
BR;2019/2020;All_causes;Female;55;33486;39254;5850910;5984480
BR;2019/2020;All_other_causes;Female;55;6644;6837;5850910;5984480
BR;2019/2020;Circulatory;Female;55;8857;8361;5850910;5984480
BR;2019/2020;Covid;Female;55;5;6006;5850910;5984480
BR;2019/2020;External_causes;Female;55;1202;1165;5850910;5984480
BR;2019/2020;Infec_parasit;Female;55;1370;1370;5850910;5984480
BR;2019/2020;Neoplasms;Female;55;11007;10830;5850910;5984480
BR;2019/2020;Pregnancy;Female;55;0;0;5850910;5984480
BR;2019/2020;Respiratory;Female;55;2880;2802;5850910;5984480
BR;2019/2020;Undefined;Female;55;1521;1883;5850910;5984480
BR;2019/2020;All_causes;Male;55;54522;65514;5193015;5305040
BR;2019/2020;All_other_causes;Male;55;11479;12484;5193015;5305040
BR;2019/2020;Circulatory;Male;55;15293;14959;5193015;5305040
BR;2019/2020;Covid;Male;55;1;9632;5193015;5305040
BR;2019/2020;External_causes;Male;55;5614;6019;5193015;5305040
BR;2019/2020;Infec_parasit;Male;55;2676;2618;5193015;5305040
BR;2019/2020;Neoplasms;Male;55;11881;11209;5193015;5305040
BR;2019/2020;Pregnancy;Male;55;0;0;5193015;5305040
BR;2019/2020;Respiratory;Male;55;4111;4260;5193015;5305040
BR;2019/2020;Undefined;Male;55;3467;4333;5193015;5305040
BR;2019/2020;All_causes;Female;60;43422;51855;4874532;5031864
BR;2019/2020;All_other_causes;Female;60;8884;9161;4874532;5031864
BR;2019/2020;Circulatory;Female;60;12317;12060;4874532;5031864
BR;2019/2020;Covid;Female;60;4;8514;4874532;5031864
BR;2019/2020;External_causes;Female;60;1144;1044;4874532;5031864
BR;2019/2020;Infec_parasit;Female;60;1644;1605;4874532;5031864
BR;2019/2020;Neoplasms;Female;60;13101;12883;4874532;5031864
BR;2019/2020;Pregnancy;Female;60;0;0;4874532;5031864
BR;2019/2020;Respiratory;Female;60;4453;4305;4874532;5031864
BR;2019/2020;Undefined;Female;60;1875;2283;4874532;5031864
BR;2019/2020;All_causes;Male;60;66424;80274;4234251;4362080
BR;2019/2020;All_other_causes;Male;60;13219;13981;4234251;4362080
BR;2019/2020;Circulatory;Male;60;20361;19622;4234251;4362080
BR;2019/2020;Covid;Male;60;2;12931;4234251;4362080
BR;2019/2020;External_causes;Male;60;4824;5062;4234251;4362080
BR;2019/2020;Infec_parasit;Male;60;2618;2745;4234251;4362080
BR;2019/2020;Neoplasms;Male;60;15601;14927;4234251;4362080
BR;2019/2020;Pregnancy;Male;60;0;0;4234251;4362080
BR;2019/2020;Respiratory;Male;60;5888;6049;4234251;4362080
BR;2019/2020;Undefined;Male;60;3911;4957;4234251;4362080
BR;2019/2020;All_causes;Female;65;52849;62553;3834603;3985501
BR;2019/2020;All_other_causes;Female;65;11404;11634;3834603;3985501
BR;2019/2020;Circulatory;Female;65;15955;15296;3834603;3985501
BR;2019/2020;Covid;Female;65;2;10460;3834603;3985501
BR;2019/2020;External_causes;Female;65;1300;1256;3834603;3985501
BR;2019/2020;Infec_parasit;Female;65;2043;1881;3834603;3985501
BR;2019/2020;Neoplasms;Female;65;13976;13602;3834603;3985501
BR;2019/2020;Pregnancy;Female;65;0;0;3834603;3985501
BR;2019/2020;Respiratory;Female;65;5877;5710;3834603;3985501
BR;2019/2020;Undefined;Female;65;2292;2714;3834603;3985501
BR;2019/2020;All_causes;Male;65;74116;91496;3228543;3341603
BR;2019/2020;All_other_causes;Male;65;14889;15421;3228543;3341603
BR;2019/2020;Circulatory;Male;65;23385;23184;3228543;3341603
BR;2019/2020;Covid;Male;65;1;16074;3228543;3341603
BR;2019/2020;External_causes;Male;65;4023;3982;3228543;3341603
BR;2019/2020;Infec_parasit;Male;65;2752;2783;3228543;3341603
BR;2019/2020;Neoplasms;Male;65;17551;17076;3228543;3341603
BR;2019/2020;Pregnancy;Male;65;0;0;3228543;3341603
BR;2019/2020;Respiratory;Male;65;7534;7970;3228543;3341603
BR;2019/2020;Undefined;Male;65;3981;5006;3228543;3341603
BR;2019/2020;All_causes;Female;70;59744;71692;2840115;2971680
BR;2019/2020;All_other_causes;Female;70;13664;14043;2840115;2971680
BR;2019/2020;Circulatory;Female;70;18772;18940;2840115;2971680
BR;2019/2020;Covid;Female;70;0;11619;2840115;2971680
BR;2019/2020;External_causes;Female;70;1499;1423;2840115;2971680
BR;2019/2020;Infec_parasit;Female;70;2259;2131;2840115;2971680
BR;2019/2020;Neoplasms;Female;70;13267;13195;2840115;2971680
BR;2019/2020;Pregnancy;Female;70;0;0;2840115;2971680
BR;2019/2020;Respiratory;Female;70;7578;7121;2840115;2971680
BR;2019/2020;Undefined;Female;70;2705;3220;2840115;2971680
BR;2019/2020;All_causes;Male;70;76165;94528;2303522;2399939
BR;2019/2020;All_other_causes;Male;70;15212;15999;2303522;2399939
BR;2019/2020;Circulatory;Male;70;24661;24720;2303522;2399939
BR;2019/2020;Covid;Male;70;2;17039;2303522;2399939
BR;2019/2020;External_causes;Male;70;3137;3173;2303522;2399939
BR;2019/2020;Infec_parasit;Male;70;2643;2582;2303522;2399939
BR;2019/2020;Neoplasms;Male;70;17177;16787;2303522;2399939
BR;2019/2020;Pregnancy;Male;70;0;0;2303522;2399939
BR;2019/2020;Respiratory;Male;70;9440;9380;2303522;2399939
BR;2019/2020;Undefined;Male;70;3893;4848;2303522;2399939
BR;2019/2020;All_causes;Female;75;69156;77514;1996507;2066197
BR;2019/2020;All_other_causes;Female;75;16656;16142;1996507;2066197
BR;2019/2020;Circulatory;Female;75;22667;21393;1996507;2066197
BR;2019/2020;Covid;Female;75;2;11754;1996507;2066197
BR;2019/2020;External_causes;Female;75;1892;1734;1996507;2066197
BR;2019/2020;Infec_parasit;Female;75;2641;2499;1996507;2066197
BR;2019/2020;Neoplasms;Female;75;12135;11695;1996507;2066197
BR;2019/2020;Pregnancy;Female;75;0;0;1996507;2066197
BR;2019/2020;Respiratory;Female;75;9874;8691;1996507;2066197
BR;2019/2020;Undefined;Female;75;3289;3606;1996507;2066197
BR;2019/2020;All_causes;Male;75;76965;90972;1498484;1550880
BR;2019/2020;All_other_causes;Male;75;16075;16000;1498484;1550880
BR;2019/2020;Circulatory;Male;75;25131;24312;1498484;1550880
BR;2019/2020;Covid;Male;75;4;15689;1498484;1550880
BR;2019/2020;External_causes;Male;75;2783;2655;1498484;1550880
BR;2019/2020;Infec_parasit;Male;75;2542;2486;1498484;1550880
BR;2019/2020;Neoplasms;Male;75;15506;14892;1498484;1550880
BR;2019/2020;Pregnancy;Male;75;0;0;1498484;1550880
BR;2019/2020;Respiratory;Male;75;11124;10314;1498484;1550880
BR;2019/2020;Undefined;Male;75;3800;4624;1498484;1550880
BR;2019/2020;All_causes;Female;80;78131;88383;1371868;1413300
BR;2019/2020;All_other_causes;Female;80;19909;19985;1371868;1413300
BR;2019/2020;Circulatory;Female;80;25937;25574;1371868;1413300
BR;2019/2020;Covid;Female;80;4;11994;1371868;1413300
BR;2019/2020;External_causes;Female;80;2383;2277;1371868;1413300
BR;2019/2020;Infec_parasit;Female;80;2965;2788;1371868;1413300
BR;2019/2020;Neoplasms;Female;80;10526;10376;1371868;1413300
BR;2019/2020;Pregnancy;Female;80;0;0;1371868;1413300
BR;2019/2020;Respiratory;Female;80;12485;10884;1371868;1413300
BR;2019/2020;Undefined;Female;80;3922;4505;1371868;1413300
BR;2019/2020;All_causes;Male;80;71708;86080;927586;957210
BR;2019/2020;All_other_causes;Male;80;15440;16067;927586;957210
BR;2019/2020;Circulatory;Male;80;22939;22933;927586;957210
BR;2019/2020;Covid;Male;80;0;13984;927586;957210
BR;2019/2020;External_causes;Male;80;2473;2389;927586;957210
BR;2019/2020;Infec_parasit;Male;80;2374;2284;927586;957210
BR;2019/2020;Neoplasms;Male;80;12720;12615;927586;957210
BR;2019/2020;Pregnancy;Male;80;0;0;927586;957210
BR;2019/2020;Respiratory;Male;80;12102;11238;927586;957210
BR;2019/2020;Undefined;Male;80;3660;4570;927586;957210
BR;2019/2020;All_causes;Female;85;158098;170825;751658;775381
BR;2019/2020;All_other_causes;Female;85;42852;42482;751658;775381
BR;2019/2020;Circulatory;Female;85;50181;49809;751658;775381
BR;2019/2020;Covid;Female;85;6;18053;751658;775381
BR;2019/2020;External_causes;Female;85;5581;5208;751658;775381
BR;2019/2020;Infec_parasit;Female;85;5802;5176;751658;775381
BR;2019/2020;Neoplasms;Female;85;12864;12827;751658;775381
BR;2019/2020;Pregnancy;Female;85;0;0;751658;775381
BR;2019/2020;Respiratory;Female;85;29986;24473;751658;775381
BR;2019/2020;Undefined;Female;85;10826;12797;751658;775381
BR;2019/2020;All_causes;Male;85;102176;117362;439552;453520
BR;2019/2020;All_other_causes;Male;85;23553;23432;439552;453520
BR;2019/2020;Circulatory;Male;85;31174;31896;439552;453520
BR;2019/2020;Covid;Male;85;3;16006;439552;453520
BR;2019/2020;External_causes;Male;85;3397;3303;439552;453520
BR;2019/2020;Infec_parasit;Male;85;3310;3081;439552;453520
BR;2019/2020;Neoplasms;Male;85;12884;12622;439552;453520
BR;2019/2020;Pregnancy;Male;85;0;0;439552;453520
BR;2019/2020;Respiratory;Male;85;21079;18652;439552;453520
BR;2019/2020;Undefined;Male;85;6776;8370;439552;453520
BR;2019/2021;All_causes;Female;0;15658;14041;1408780;1312774
BR;2019/2021;All_other_causes;Female;0;13298;11929;1408780;1312774
BR;2019/2021;Circulatory;Female;0;146;119;1408780;1312774
BR;2019/2021;Covid;Female;0;2;151;1408780;1312774
BR;2019/2021;External_causes;Female;0;432;477;1408780;1312774
BR;2019/2021;Infec_parasit;Female;0;569;473;1408780;1312774
BR;2019/2021;Neoplasms;Female;0;73;73;1408780;1312774
BR;2019/2021;Pregnancy;Female;0;0;0;1408780;1312774
BR;2019/2021;Respiratory;Female;0;757;469;1408780;1312774
BR;2019/2021;Undefined;Female;0;381;350;1408780;1312774
BR;2019/2021;All_causes;Male;0;19437;17618;1476538;1375717
BR;2019/2021;All_other_causes;Male;0;16556;14988;1476538;1375717
BR;2019/2021;Circulatory;Male;0;197;144;1476538;1375717
BR;2019/2021;Covid;Male;0;5;200;1476538;1375717
BR;2019/2021;External_causes;Male;0;548;588;1476538;1375717
BR;2019/2021;Infec_parasit;Male;0;687;617;1476538;1375717
BR;2019/2021;Neoplasms;Male;0;65;54;1476538;1375717
BR;2019/2021;Pregnancy;Male;0;0;0;1476538;1375717
BR;2019/2021;Respiratory;Male;0;870;570;1476538;1375717
BR;2019/2021;Undefined;Male;0;509;457;1476538;1375717
BR;2019/2021;All_causes;Female;1;2850;2548;5703153;5572108
BR;2019/2021;All_other_causes;Female;1;996;868;5703153;5572108
BR;2019/2021;Circulatory;Female;1;115;68;5703153;5572108
BR;2019/2021;Covid;Female;1;1;129;5703153;5572108
BR;2019/2021;External_causes;Female;1;527;579;5703153;5572108
BR;2019/2021;Infec_parasit;Female;1;231;193;5703153;5572108
BR;2019/2021;Neoplasms;Female;1;275;289;5703153;5572108
BR;2019/2021;Pregnancy;Female;1;0;0;5703153;5572108
BR;2019/2021;Respiratory;Female;1;530;294;5703153;5572108
BR;2019/2021;Undefined;Female;1;175;128;5703153;5572108
BR;2019/2021;All_causes;Male;1;3662;3120;5982162;5842305
BR;2019/2021;All_other_causes;Male;1;1289;980;5982162;5842305
BR;2019/2021;Circulatory;Male;1;135;112;5982162;5842305
BR;2019/2021;Covid;Male;1;1;124;5982162;5842305
BR;2019/2021;External_causes;Male;1;829;869;5982162;5842305
BR;2019/2021;Infec_parasit;Male;1;278;192;5982162;5842305
BR;2019/2021;Neoplasms;Male;1;355;369;5982162;5842305
BR;2019/2021;Pregnancy;Male;1;0;0;5982162;5842305
BR;2019/2021;Respiratory;Male;1;557;289;5982162;5842305
BR;2019/2021;Undefined;Male;1;218;185;5982162;5842305
BR;2019/2021;All_causes;Female;10;1704;1585;7348051;7154758
BR;2019/2021;All_other_causes;Female;10;496;438;7348051;7154758
BR;2019/2021;Circulatory;Female;10;109;88;7348051;7154758
BR;2019/2021;Covid;Female;10;0;92;7348051;7154758
BR;2019/2021;External_causes;Female;10;482;462;7348051;7154758
BR;2019/2021;Infec_parasit;Female;10;90;79;7348051;7154758
BR;2019/2021;Neoplasms;Female;10;285;244;7348051;7154758
BR;2019/2021;Pregnancy;Female;10;14;13;7348051;7154758
BR;2019/2021;Respiratory;Female;10;127;90;7348051;7154758
BR;2019/2021;Undefined;Female;10;101;79;7348051;7154758
BR;2019/2021;All_causes;Male;10;2519;2213;7696334;7498838
BR;2019/2021;All_other_causes;Male;10;606;508;7696334;7498838
BR;2019/2021;Circulatory;Male;10;127;121;7696334;7498838
BR;2019/2021;Covid;Male;10;1;80;7696334;7498838
BR;2019/2021;External_causes;Male;10;1067;911;7696334;7498838
BR;2019/2021;Infec_parasit;Male;10;107;87;7696334;7498838
BR;2019/2021;Neoplasms;Male;10;316;290;7696334;7498838
BR;2019/2021;Pregnancy;Male;10;0;0;7696334;7498838
BR;2019/2021;Respiratory;Male;10;172;99;7696334;7498838
BR;2019/2021;Undefined;Male;10;123;117;7696334;7498838
BR;2019/2021;All_causes;Female;15;3381;3543;7936624;7667765
BR;2019/2021;All_other_causes;Female;15;763;676;7936624;7667765
BR;2019/2021;Circulatory;Female;15;192;180;7936624;7667765
BR;2019/2021;Covid;Female;15;0;276;7936624;7667765
BR;2019/2021;External_causes;Female;15;1305;1362;7936624;7667765
BR;2019/2021;Infec_parasit;Female;15;159;127;7936624;7667765
BR;2019/2021;Neoplasms;Female;15;326;303;7936624;7667765
BR;2019/2021;Pregnancy;Female;15;199;252;7936624;7667765
BR;2019/2021;Respiratory;Female;15;200;154;7936624;7667765
BR;2019/2021;Undefined;Female;15;237;213;7936624;7667765
BR;2019/2021;All_causes;Male;15;13318;12040;8225283;7995489
BR;2019/2021;All_other_causes;Male;15;937;900;8225283;7995489
BR;2019/2021;Circulatory;Male;15;347;319;8225283;7995489
BR;2019/2021;Covid;Male;15;0;271;8225283;7995489
BR;2019/2021;External_causes;Male;15;10529;9195;8225283;7995489
BR;2019/2021;Infec_parasit;Male;15;223;211;8225283;7995489
BR;2019/2021;Neoplasms;Male;15;479;464;8225283;7995489
BR;2019/2021;Pregnancy;Male;15;0;0;8225283;7995489
BR;2019/2021;Respiratory;Male;15;277;236;8225283;7995489
BR;2019/2021;Undefined;Male;15;526;444;8225283;7995489
BR;2019/2021;All_causes;Female;20;4622;5529;8347000;8234129
BR;2019/2021;All_other_causes;Female;20;914;929;8347000;8234129
BR;2019/2021;Circulatory;Female;20;366;381;8347000;8234129
BR;2019/2021;Covid;Female;20;1;730;8347000;8234129
BR;2019/2021;External_causes;Female;20;1733;1719;8347000;8234129
BR;2019/2021;Infec_parasit;Female;20;255;291;8347000;8234129
BR;2019/2021;Neoplasms;Female;20;483;422;8347000;8234129
BR;2019/2021;Pregnancy;Female;20;302;515;8347000;8234129
BR;2019/2021;Respiratory;Female;20;280;236;8347000;8234129
BR;2019/2021;Undefined;Female;20;288;306;8347000;8234129
BR;2019/2021;All_causes;Male;20;20335;21368;8400832;8358863
BR;2019/2021;All_other_causes;Male;20;1229;1220;8400832;8358863
BR;2019/2021;Circulatory;Male;20;650;643;8400832;8358863
BR;2019/2021;Covid;Male;20;2;861;8400832;8358863
BR;2019/2021;External_causes;Male;20;15898;16236;8400832;8358863
BR;2019/2021;Infec_parasit;Male;20;613;591;8400832;8358863
BR;2019/2021;Neoplasms;Male;20;679;611;8400832;8358863
BR;2019/2021;Pregnancy;Male;20;0;0;8400832;8358863
BR;2019/2021;Respiratory;Male;20;425;363;8400832;8358863
BR;2019/2021;Undefined;Male;20;839;843;8400832;8358863
BR;2019/2021;All_causes;Female;25;5281;7636;8272246;8285732
BR;2019/2021;All_other_causes;Female;25;1028;1137;8272246;8285732
BR;2019/2021;Circulatory;Female;25;540;573;8272246;8285732
BR;2019/2021;Covid;Female;25;0;1616;8272246;8285732
BR;2019/2021;External_causes;Female;25;1516;1595;8272246;8285732
BR;2019/2021;Infec_parasit;Female;25;405;473;8272246;8285732
BR;2019/2021;Neoplasms;Female;25;823;814;8272246;8285732
BR;2019/2021;Pregnancy;Female;25;340;728;8272246;8285732
BR;2019/2021;Respiratory;Female;25;304;317;8272246;8285732
BR;2019/2021;Undefined;Female;25;325;383;8272246;8285732
BR;2019/2021;All_causes;Male;25;18620;22292;8150148;8187192
BR;2019/2021;All_other_causes;Male;25;1542;1667;8150148;8187192
BR;2019/2021;Circulatory;Male;25;901;970;8150148;8187192
BR;2019/2021;Covid;Male;25;1;2310;8150148;8187192
BR;2019/2021;External_causes;Male;25;12951;13924;8150148;8187192
BR;2019/2021;Infec_parasit;Male;25;991;1064;8150148;8187192
BR;2019/2021;Neoplasms;Male;25;750;761;8150148;8187192
BR;2019/2021;Pregnancy;Male;25;0;0;8150148;8187192
BR;2019/2021;Respiratory;Male;25;557;562;8150148;8187192
BR;2019/2021;Undefined;Male;25;927;1034;8150148;8187192
BR;2019/2021;All_causes;Female;30;7243;10774;8493968;8308533
BR;2019/2021;All_other_causes;Female;30;1362;1410;8493968;8308533
BR;2019/2021;Circulatory;Female;30;918;910;8493968;8308533
BR;2019/2021;Covid;Female;30;0;2882;8493968;8308533
BR;2019/2021;External_causes;Female;30;1443;1635;8493968;8308533
BR;2019/2021;Infec_parasit;Female;30;615;609;8493968;8308533
BR;2019/2021;Neoplasms;Female;30;1658;1594;8493968;8308533
BR;2019/2021;Pregnancy;Female;30;393;878;8493968;8308533
BR;2019/2021;Respiratory;Female;30;401;346;8493968;8308533
BR;2019/2021;Undefined;Female;30;453;510;8493968;8308533
BR;2019/2021;All_causes;Male;30;19702;25086;8255517;8094262
BR;2019/2021;All_other_causes;Male;30;2326;2556;8255517;8094262
BR;2019/2021;Circulatory;Male;30;1497;1557;8255517;8094262
BR;2019/2021;Covid;Male;30;1;4702;8255517;8094262
BR;2019/2021;External_causes;Male;30;11641;11800;8255517;8094262
BR;2019/2021;Infec_parasit;Male;30;1299;1437;8255517;8094262
BR;2019/2021;Neoplasms;Male;30;1005;989;8255517;8094262
BR;2019/2021;Pregnancy;Male;30;0;0;8255517;8094262
BR;2019/2021;Respiratory;Male;30;711;712;8255517;8094262
BR;2019/2021;Undefined;Male;30;1222;1333;8255517;8094262
BR;2019/2021;All_causes;Female;35;10385;16465;8608339;8614825
BR;2019/2021;All_other_causes;Female;35;2010;2220;8608339;8614825
BR;2019/2021;Circulatory;Female;35;1690;1706;8608339;8614825
BR;2019/2021;Covid;Female;35;1;5126;8608339;8614825
BR;2019/2021;External_causes;Female;35;1567;1731;8608339;8614825
BR;2019/2021;Infec_parasit;Female;35;862;895;8608339;8614825
BR;2019/2021;Neoplasms;Female;35;2795;2805;8608339;8614825
BR;2019/2021;Pregnancy;Female;35;323;727;8608339;8614825
BR;2019/2021;Respiratory;Female;35;552;587;8608339;8614825
BR;2019/2021;Undefined;Female;35;585;668;8608339;8614825
BR;2019/2021;All_causes;Male;35;22644;32854;8227095;8266906
BR;2019/2021;All_other_causes;Male;35;3675;4186;8227095;8266906
BR;2019/2021;Circulatory;Male;35;2629;2737;8227095;8266906
BR;2019/2021;Covid;Male;35;0;8538;8227095;8266906
BR;2019/2021;External_causes;Male;35;10532;11057;8227095;8266906
BR;2019/2021;Infec_parasit;Male;35;1637;1811;8227095;8266906
BR;2019/2021;Neoplasms;Male;35;1582;1588;8227095;8266906
BR;2019/2021;Pregnancy;Male;35;0;0;8227095;8266906
BR;2019/2021;Respiratory;Male;35;1007;1120;8227095;8266906
BR;2019/2021;Undefined;Male;35;1582;1817;8227095;8266906
BR;2019/2021;All_causes;Female;40;13760;22799;7792313;8210457
BR;2019/2021;All_other_causes;Female;40;2661;3068;7792313;8210457
BR;2019/2021;Circulatory;Female;40;2806;3051;7792313;8210457
BR;2019/2021;Covid;Female;40;1;7788;7792313;8210457
BR;2019/2021;External_causes;Female;40;1369;1536;7792313;8210457
BR;2019/2021;Infec_parasit;Female;40;1016;1025;7792313;8210457
BR;2019/2021;Neoplasms;Female;40;4310;4263;7792313;8210457
BR;2019/2021;Pregnancy;Female;40;140;266;7792313;8210457
BR;2019/2021;Respiratory;Female;40;723;828;7792313;8210457
BR;2019/2021;Undefined;Female;40;734;974;7792313;8210457
BR;2019/2021;All_causes;Male;40;25925;41286;7347141;7743738
BR;2019/2021;All_other_causes;Male;40;5084;5984;7347141;7743738
BR;2019/2021;Circulatory;Male;40;4387;4702;7347141;7743738
BR;2019/2021;Covid;Male;40;1;12087;7347141;7743738
BR;2019/2021;External_causes;Male;40;8738;9592;7347141;7743738
BR;2019/2021;Infec_parasit;Male;40;1934;2228;7347141;7743738
BR;2019/2021;Neoplasms;Male;40;2551;2685;7347141;7743738
BR;2019/2021;Pregnancy;Male;40;0;0;7347141;7743738
BR;2019/2021;Respiratory;Male;40;1299;1552;7347141;7743738
BR;2019/2021;Undefined;Male;40;1931;2456;7347141;7743738
BR;2019/2021;All_causes;Female;45;17882;29520;6922507;7140727
BR;2019/2021;All_other_causes;Female;45;3495;4059;6922507;7140727
BR;2019/2021;Circulatory;Female;45;4401;4554;6922507;7140727
BR;2019/2021;Covid;Female;45;1;10168;6922507;7140727
BR;2019/2021;External_causes;Female;45;1299;1382;6922507;7140727
BR;2019/2021;Infec_parasit;Female;45;1022;1214;6922507;7140727
BR;2019/2021;Neoplasms;Female;45;5622;5745;6922507;7140727
BR;2019/2021;Pregnancy;Female;45;15;23;6922507;7140727
BR;2019/2021;Respiratory;Female;45;1124;1226;6922507;7140727
BR;2019/2021;Undefined;Female;45;903;1149;6922507;7140727
BR;2019/2021;All_causes;Male;45;31381;50364;6429381;6644267
BR;2019/2021;All_other_causes;Male;45;6756;8127;6429381;6644267
BR;2019/2021;Circulatory;Male;45;6673;6983;6429381;6644267
BR;2019/2021;Covid;Male;45;2;15616;6429381;6644267
BR;2019/2021;External_causes;Male;45;7366;7980;6429381;6644267
BR;2019/2021;Infec_parasit;Male;45;2114;2363;6429381;6644267
BR;2019/2021;Neoplasms;Male;45;4321;4269;6429381;6644267
BR;2019/2021;Pregnancy;Male;45;0;0;6429381;6644267
BR;2019/2021;Respiratory;Male;45;1860;2061;6429381;6644267
BR;2019/2021;Undefined;Male;45;2289;2965;6429381;6644267
BR;2019/2021;All_causes;Female;5;1087;949;7077260;7141725
BR;2019/2021;All_other_causes;Female;5;370;290;7077260;7141725
BR;2019/2021;Circulatory;Female;5;54;52;7077260;7141725
BR;2019/2021;Covid;Female;5;0;46;7077260;7141725
BR;2019/2021;External_causes;Female;5;218;207;7077260;7141725
BR;2019/2021;Infec_parasit;Female;5;73;45;7077260;7141725
BR;2019/2021;Neoplasms;Female;5;217;195;7077260;7141725
BR;2019/2021;Pregnancy;Female;5;0;0;7077260;7141725
BR;2019/2021;Respiratory;Female;5;89;54;7077260;7141725
BR;2019/2021;Undefined;Female;5;66;60;7077260;7141725
BR;2019/2021;All_causes;Male;5;1388;1170;7429405;7497165
BR;2019/2021;All_other_causes;Male;5;445;327;7429405;7497165
BR;2019/2021;Circulatory;Male;5;52;50;7429405;7497165
BR;2019/2021;Covid;Male;5;0;43;7429405;7497165
BR;2019/2021;External_causes;Male;5;371;332;7429405;7497165
BR;2019/2021;Infec_parasit;Male;5;85;57;7429405;7497165
BR;2019/2021;Neoplasms;Male;5;254;228;7429405;7497165
BR;2019/2021;Pregnancy;Male;5;0;0;7429405;7497165
BR;2019/2021;Respiratory;Male;5;114;74;7429405;7497165
BR;2019/2021;Undefined;Male;5;67;59;7429405;7497165
BR;2019/2021;All_causes;Female;50;24751;38797;6487200;6582891
BR;2019/2021;All_other_causes;Female;50;4880;5229;6487200;6582891
BR;2019/2021;Circulatory;Female;50;6308;6247;6487200;6582891
BR;2019/2021;Covid;Female;50;2;13385;6487200;6582891
BR;2019/2021;External_causes;Female;50;1158;1301;6487200;6582891
BR;2019/2021;Infec_parasit;Female;50;1182;1310;6487200;6582891
BR;2019/2021;Neoplasms;Female;50;8258;8086;6487200;6582891
BR;2019/2021;Pregnancy;Female;50;0;2;6487200;6582891
BR;2019/2021;Respiratory;Female;50;1784;1767;6487200;6582891
BR;2019/2021;Undefined;Female;50;1179;1470;6487200;6582891
BR;2019/2021;All_causes;Male;50;42668;64490;5888136;5988829
BR;2019/2021;All_other_causes;Male;50;9301;10551;5888136;5988829
BR;2019/2021;Circulatory;Male;50;10999;10794;5888136;5988829
BR;2019/2021;Covid;Male;50;1;19748;5888136;5988829
BR;2019/2021;External_causes;Male;50;6670;6994;5888136;5988829
BR;2019/2021;Infec_parasit;Male;50;2454;2787;5888136;5988829
BR;2019/2021;Neoplasms;Male;50;7590;7044;5888136;5988829
BR;2019/2021;Pregnancy;Male;50;0;0;5888136;5988829
BR;2019/2021;Respiratory;Male;50;2743;2869;5888136;5988829
BR;2019/2021;Undefined;Male;50;2910;3703;5888136;5988829
BR;2019/2021;All_causes;Female;55;33486;53824;5850910;6090024
BR;2019/2021;All_other_causes;Female;55;6644;7369;5850910;6090024
BR;2019/2021;Circulatory;Female;55;8857;9059;5850910;6090024
BR;2019/2021;Covid;Female;55;5;18755;5850910;6090024
BR;2019/2021;External_causes;Female;55;1202;1309;5850910;6090024
BR;2019/2021;Infec_parasit;Female;55;1370;1571;5850910;6090024
BR;2019/2021;Neoplasms;Female;55;11007;11028;5850910;6090024
BR;2019/2021;Pregnancy;Female;55;0;3;5850910;6090024
BR;2019/2021;Respiratory;Female;55;2880;2889;5850910;6090024
BR;2019/2021;Undefined;Female;55;1521;1841;5850910;6090024
BR;2019/2021;All_causes;Male;55;54522;83555;5193015;5390506
BR;2019/2021;All_other_causes;Male;55;11479;13211;5193015;5390506
BR;2019/2021;Circulatory;Male;55;15293;15781;5193015;5390506
BR;2019/2021;Covid;Male;55;1;25449;5193015;5390506
BR;2019/2021;External_causes;Male;55;5614;6178;5193015;5390506
BR;2019/2021;Infec_parasit;Male;55;2676;2922;5193015;5390506
BR;2019/2021;Neoplasms;Male;55;11881;11224;5193015;5390506
BR;2019/2021;Pregnancy;Male;55;0;0;5193015;5390506
BR;2019/2021;Respiratory;Male;55;4111;4088;5193015;5390506
BR;2019/2021;Undefined;Male;55;3467;4702;5193015;5390506
BR;2019/2021;All_causes;Female;60;43422;66361;4874532;5178317
BR;2019/2021;All_other_causes;Female;60;8884;9841;4874532;5178317
BR;2019/2021;Circulatory;Female;60;12317;12795;4874532;5178317
BR;2019/2021;Covid;Female;60;4;20959;4874532;5178317
BR;2019/2021;External_causes;Female;60;1144;1311;4874532;5178317
BR;2019/2021;Infec_parasit;Female;60;1644;1917;4874532;5178317
BR;2019/2021;Neoplasms;Female;60;13101;12888;4874532;5178317
BR;2019/2021;Pregnancy;Female;60;0;0;4874532;5178317
BR;2019/2021;Respiratory;Female;60;4453;4214;4874532;5178317
BR;2019/2021;Undefined;Female;60;1875;2436;4874532;5178317
BR;2019/2021;All_causes;Male;60;66424;96699;4234251;4474584
BR;2019/2021;All_other_causes;Male;60;13219;15182;4234251;4474584
BR;2019/2021;Circulatory;Male;60;20361;20668;4234251;4474584
BR;2019/2021;Covid;Male;60;2;26249;4234251;4474584
BR;2019/2021;External_causes;Male;60;4824;5113;4234251;4474584
BR;2019/2021;Infec_parasit;Male;60;2618;3150;4234251;4474584
BR;2019/2021;Neoplasms;Male;60;15601;15404;4234251;4474584
BR;2019/2021;Pregnancy;Male;60;0;0;4234251;4474584
BR;2019/2021;Respiratory;Male;60;5888;5811;4234251;4474584
BR;2019/2021;Undefined;Male;60;3911;5122;4234251;4474584
BR;2019/2021;All_causes;Female;65;52849;79101;3834603;4125812
BR;2019/2021;All_other_causes;Female;65;11404;12688;3834603;4125812
BR;2019/2021;Circulatory;Female;65;15955;16622;3834603;4125812
BR;2019/2021;Covid;Female;65;2;23358;3834603;4125812
BR;2019/2021;External_causes;Female;65;1300;1433;3834603;4125812
BR;2019/2021;Infec_parasit;Female;65;2043;2277;3834603;4125812
BR;2019/2021;Neoplasms;Female;65;13976;14195;3834603;4125812
BR;2019/2021;Pregnancy;Female;65;0;0;3834603;4125812
BR;2019/2021;Respiratory;Female;65;5877;5569;3834603;4125812
BR;2019/2021;Undefined;Female;65;2292;2959;3834603;4125812
BR;2019/2021;All_causes;Male;65;74116;107943;3228543;3443378
BR;2019/2021;All_other_causes;Male;65;14889;16706;3228543;3443378
BR;2019/2021;Circulatory;Male;65;23385;24676;3228543;3443378
BR;2019/2021;Covid;Male;65;1;28607;3228543;3443378
BR;2019/2021;External_causes;Male;65;4023;4383;3228543;3443378
BR;2019/2021;Infec_parasit;Male;65;2752;3121;3228543;3443378
BR;2019/2021;Neoplasms;Male;65;17551;17737;3228543;3443378
BR;2019/2021;Pregnancy;Male;65;0;0;3228543;3443378
BR;2019/2021;Respiratory;Male;65;7534;7494;3228543;3443378
BR;2019/2021;Undefined;Male;65;3981;5219;3228543;3443378
BR;2019/2021;All_causes;Female;70;59744;87056;2840115;3095481
BR;2019/2021;All_other_causes;Female;70;13664;15238;2840115;3095481
BR;2019/2021;Circulatory;Female;70;18772;20451;2840115;3095481
BR;2019/2021;Covid;Female;70;0;22701;2840115;3095481
BR;2019/2021;External_causes;Female;70;1499;1650;2840115;3095481
BR;2019/2021;Infec_parasit;Female;70;2259;2515;2840115;3095481
BR;2019/2021;Neoplasms;Female;70;13267;13899;2840115;3095481
BR;2019/2021;Pregnancy;Female;70;0;0;2840115;3095481
BR;2019/2021;Respiratory;Female;70;7578;7121;2840115;3095481
BR;2019/2021;Undefined;Female;70;2705;3481;2840115;3095481
BR;2019/2021;All_causes;Male;70;76165;110722;2303522;2480412
BR;2019/2021;All_other_causes;Male;70;15212;17468;2303522;2480412
BR;2019/2021;Circulatory;Male;70;24661;26835;2303522;2480412
BR;2019/2021;Covid;Male;70;2;27985;2303522;2480412
BR;2019/2021;External_causes;Male;70;3137;3629;2303522;2480412
BR;2019/2021;Infec_parasit;Male;70;2643;3125;2303522;2480412
BR;2019/2021;Neoplasms;Male;70;17177;17588;2303522;2480412
BR;2019/2021;Pregnancy;Male;70;0;0;2303522;2480412
BR;2019/2021;Respiratory;Male;70;9440;8947;2303522;2480412
BR;2019/2021;Undefined;Male;70;3893;5145;2303522;2480412
BR;2019/2021;All_causes;Female;75;69156;90065;1996507;2143774
BR;2019/2021;All_other_causes;Female;75;16656;17820;1996507;2143774
BR;2019/2021;Circulatory;Female;75;22667;23328;1996507;2143774
BR;2019/2021;Covid;Female;75;2;19657;1996507;2143774
BR;2019/2021;External_causes;Female;75;1892;2015;1996507;2143774
BR;2019/2021;Infec_parasit;Female;75;2641;2808;1996507;2143774
BR;2019/2021;Neoplasms;Female;75;12135;12029;1996507;2143774
BR;2019/2021;Pregnancy;Female;75;0;0;1996507;2143774
BR;2019/2021;Respiratory;Female;75;9874;8369;1996507;2143774
BR;2019/2021;Undefined;Female;75;3289;4039;1996507;2143774
BR;2019/2021;All_causes;Male;75;76965;102188;1498484;1604453
BR;2019/2021;All_other_causes;Male;75;16075;17311;1498484;1604453
BR;2019/2021;Circulatory;Male;75;25131;25481;1498484;1604453
BR;2019/2021;Covid;Male;75;4;23709;1498484;1604453
BR;2019/2021;External_causes;Male;75;2783;2935;1498484;1604453
BR;2019/2021;Infec_parasit;Male;75;2542;2896;1498484;1604453
BR;2019/2021;Neoplasms;Male;75;15506;15397;1498484;1604453
BR;2019/2021;Pregnancy;Male;75;0;0;1498484;1604453
BR;2019/2021;Respiratory;Male;75;11124;9655;1498484;1604453
BR;2019/2021;Undefined;Male;75;3800;4804;1498484;1604453
BR;2019/2021;All_causes;Female;80;78131;95881;1371868;1441677
BR;2019/2021;All_other_causes;Female;80;19909;21297;1371868;1441677
BR;2019/2021;Circulatory;Female;80;25937;26479;1371868;1441677
BR;2019/2021;Covid;Female;80;4;17131;1371868;1441677
BR;2019/2021;External_causes;Female;80;2383;2383;1371868;1441677
BR;2019/2021;Infec_parasit;Female;80;2965;3051;1371868;1441677
BR;2019/2021;Neoplasms;Female;80;10526;10508;1371868;1441677
BR;2019/2021;Pregnancy;Female;80;0;0;1371868;1441677
BR;2019/2021;Respiratory;Female;80;12485;10092;1371868;1441677
BR;2019/2021;Undefined;Female;80;3922;4940;1371868;1441677
BR;2019/2021;All_causes;Male;80;71708;91499;927586;974402
BR;2019/2021;All_other_causes;Male;80;15440;16606;927586;974402
BR;2019/2021;Circulatory;Male;80;22939;23751;927586;974402
BR;2019/2021;Covid;Male;80;0;18638;927586;974402
BR;2019/2021;External_causes;Male;80;2473;2499;927586;974402
BR;2019/2021;Infec_parasit;Male;80;2374;2573;927586;974402
BR;2019/2021;Neoplasms;Male;80;12720;12604;927586;974402
BR;2019/2021;Pregnancy;Male;80;0;0;927586;974402
BR;2019/2021;Respiratory;Male;80;12102;10185;927586;974402
BR;2019/2021;Undefined;Male;80;3660;4643;927586;974402
BR;2019/2021;All_causes;Female;85;158098;189934;751658;795194
BR;2019/2021;All_other_causes;Female;85;42852;47466;751658;795194
BR;2019/2021;Circulatory;Female;85;50181;55495;751658;795194
BR;2019/2021;Covid;Female;85;6;24001;751658;795194
BR;2019/2021;External_causes;Female;85;5581;6138;751658;795194
BR;2019/2021;Infec_parasit;Female;85;5802;5773;751658;795194
BR;2019/2021;Neoplasms;Female;85;12864;13550;751658;795194
BR;2019/2021;Pregnancy;Female;85;0;0;751658;795194
BR;2019/2021;Respiratory;Female;85;29986;23687;751658;795194
BR;2019/2021;Undefined;Female;85;10826;13824;751658;795194
BR;2019/2021;All_causes;Male;85;102176;126996;439552;465808
BR;2019/2021;All_other_causes;Male;85;23553;25582;439552;465808
BR;2019/2021;Circulatory;Male;85;31174;33816;439552;465808
BR;2019/2021;Covid;Male;85;3;20973;439552;465808
BR;2019/2021;External_causes;Male;85;3397;3632;439552;465808
BR;2019/2021;Infec_parasit;Male;85;3310;3508;439552;465808
BR;2019/2021;Neoplasms;Male;85;12884;13527;439552;465808
BR;2019/2021;Pregnancy;Male;85;0;0;439552;465808
BR;2019/2021;Respiratory;Male;85;21079;17356;439552;465808
BR;2019/2021;Undefined;Male;85;6776;8602;439552;465808
BR;2019/2022;All_causes;Female;0;15658;14356;1408780;1268549
BR;2019/2022;All_other_causes;Female;0;13298;11860;1408780;1268549
BR;2019/2022;Circulatory;Female;0;146;132;1408780;1268549
BR;2019/2022;Covid;Female;0;2;123;1408780;1268549
BR;2019/2022;External_causes;Female;0;432;534;1408780;1268549
BR;2019/2022;Infec_parasit;Female;0;569;567;1408780;1268549
BR;2019/2022;Neoplasms;Female;0;73;60;1408780;1268549
BR;2019/2022;Pregnancy;Female;0;0;0;1408780;1268549
BR;2019/2022;Respiratory;Female;0;757;709;1408780;1268549
BR;2019/2022;Undefined;Female;0;381;371;1408780;1268549
BR;2019/2022;All_causes;Male;0;19437;17732;1476538;1329250
BR;2019/2022;All_other_causes;Male;0;16556;14590;1476538;1329250
BR;2019/2022;Circulatory;Male;0;197;157;1476538;1329250
BR;2019/2022;Covid;Male;0;5;183;1476538;1329250
BR;2019/2022;External_causes;Male;0;548;649;1476538;1329250
BR;2019/2022;Infec_parasit;Male;0;687;735;1476538;1329250
BR;2019/2022;Neoplasms;Male;0;65;63;1476538;1329250
BR;2019/2022;Pregnancy;Male;0;0;0;1476538;1329250
BR;2019/2022;Respiratory;Male;0;870;889;1476538;1329250
BR;2019/2022;Undefined;Male;0;509;466;1476538;1329250
BR;2019/2022;All_causes;Female;1;2850;3215;5703153;5479631
BR;2019/2022;All_other_causes;Female;1;996;1101;5703153;5479631
BR;2019/2022;Circulatory;Female;1;115;109;5703153;5479631
BR;2019/2022;Covid;Female;1;1;106;5703153;5479631
BR;2019/2022;External_causes;Female;1;527;546;5703153;5479631
BR;2019/2022;Infec_parasit;Female;1;231;247;5703153;5479631
BR;2019/2022;Neoplasms;Female;1;275;270;5703153;5479631
BR;2019/2022;Pregnancy;Female;1;0;0;5703153;5479631
BR;2019/2022;Respiratory;Female;1;530;647;5703153;5479631
BR;2019/2022;Undefined;Female;1;175;189;5703153;5479631
BR;2019/2022;All_causes;Male;1;3662;3825;5982162;5743407
BR;2019/2022;All_other_causes;Male;1;1289;1259;5982162;5743407
BR;2019/2022;Circulatory;Male;1;135;134;5982162;5743407
BR;2019/2022;Covid;Male;1;1;137;5982162;5743407
BR;2019/2022;External_causes;Male;1;829;820;5982162;5743407
BR;2019/2022;Infec_parasit;Male;1;278;265;5982162;5743407
BR;2019/2022;Neoplasms;Male;1;355;342;5982162;5743407
BR;2019/2022;Pregnancy;Male;1;0;0;5982162;5743407
BR;2019/2022;Respiratory;Male;1;557;684;5982162;5743407
BR;2019/2022;Undefined;Male;1;218;184;5982162;5743407
BR;2019/2022;All_causes;Female;10;1704;1738;7348051;7113772
BR;2019/2022;All_other_causes;Female;10;496;555;7348051;7113772
BR;2019/2022;Circulatory;Female;10;109;107;7348051;7113772
BR;2019/2022;Covid;Female;10;0;52;7348051;7113772
BR;2019/2022;External_causes;Female;10;482;443;7348051;7113772
BR;2019/2022;Infec_parasit;Female;10;90;95;7348051;7113772
BR;2019/2022;Neoplasms;Female;10;285;248;7348051;7113772
BR;2019/2022;Pregnancy;Female;10;14;12;7348051;7113772
BR;2019/2022;Respiratory;Female;10;127;137;7348051;7113772
BR;2019/2022;Undefined;Female;10;101;89;7348051;7113772
BR;2019/2022;All_causes;Male;10;2519;2311;7696334;7461557
BR;2019/2022;All_other_causes;Male;10;606;603;7696334;7461557
BR;2019/2022;Circulatory;Male;10;127;134;7696334;7461557
BR;2019/2022;Covid;Male;10;1;47;7696334;7461557
BR;2019/2022;External_causes;Male;10;1067;868;7696334;7461557
BR;2019/2022;Infec_parasit;Male;10;107;111;7696334;7461557
BR;2019/2022;Neoplasms;Male;10;316;287;7696334;7461557
BR;2019/2022;Pregnancy;Male;10;0;0;7696334;7461557
BR;2019/2022;Respiratory;Male;10;172;161;7696334;7461557
BR;2019/2022;Undefined;Male;10;123;100;7696334;7461557
BR;2019/2022;All_causes;Female;15;3381;3290;7936624;7535168
BR;2019/2022;All_other_causes;Female;15;763;810;7936624;7535168
BR;2019/2022;Circulatory;Female;15;192;197;7936624;7535168
BR;2019/2022;Covid;Female;15;0;69;7936624;7535168
BR;2019/2022;External_causes;Female;15;1305;1233;7936624;7535168
BR;2019/2022;Infec_parasit;Female;15;159;155;7936624;7535168
BR;2019/2022;Neoplasms;Female;15;326;286;7936624;7535168
BR;2019/2022;Pregnancy;Female;15;199;139;7936624;7535168
BR;2019/2022;Respiratory;Female;15;200;226;7936624;7535168
BR;2019/2022;Undefined;Female;15;237;175;7936624;7535168
BR;2019/2022;All_causes;Male;15;13318;11164;8225283;7867241
BR;2019/2022;All_other_causes;Male;15;937;1014;8225283;7867241
BR;2019/2022;Circulatory;Male;15;347;319;8225283;7867241
BR;2019/2022;Covid;Male;15;0;88;8225283;7867241
BR;2019/2022;External_causes;Male;15;10529;8457;8225283;7867241
BR;2019/2022;Infec_parasit;Male;15;223;205;8225283;7867241
BR;2019/2022;Neoplasms;Male;15;479;434;8225283;7867241
BR;2019/2022;Pregnancy;Male;15;0;0;8225283;7867241
BR;2019/2022;Respiratory;Male;15;277;278;8225283;7867241
BR;2019/2022;Undefined;Male;15;526;369;8225283;7867241
BR;2019/2022;All_causes;Female;20;4622;4928;8347000;8119664
BR;2019/2022;All_other_causes;Female;20;914;1005;8347000;8119664
BR;2019/2022;Circulatory;Female;20;366;400;8347000;8119664
BR;2019/2022;Covid;Female;20;1;99;8347000;8119664
BR;2019/2022;External_causes;Female;20;1733;1772;8347000;8119664
BR;2019/2022;Infec_parasit;Female;20;255;335;8347000;8119664
BR;2019/2022;Neoplasms;Female;20;483;510;8347000;8119664
BR;2019/2022;Pregnancy;Female;20;302;298;8347000;8119664
BR;2019/2022;Respiratory;Female;20;280;247;8347000;8119664
BR;2019/2022;Undefined;Female;20;288;262;8347000;8119664
BR;2019/2022;All_causes;Male;20;20335;20241;8400832;8276952
BR;2019/2022;All_other_causes;Male;20;1229;1300;8400832;8276952
BR;2019/2022;Circulatory;Male;20;650;633;8400832;8276952
BR;2019/2022;Covid;Male;20;2;119;8400832;8276952
BR;2019/2022;External_causes;Male;20;15898;15814;8400832;8276952
BR;2019/2022;Infec_parasit;Male;20;613;616;8400832;8276952
BR;2019/2022;Neoplasms;Male;20;679;597;8400832;8276952
BR;2019/2022;Pregnancy;Male;20;0;0;8400832;8276952
BR;2019/2022;Respiratory;Male;20;425;438;8400832;8276952
BR;2019/2022;Undefined;Male;20;839;724;8400832;8276952
BR;2019/2022;All_causes;Female;25;5281;6098;8272246;8274950
BR;2019/2022;All_other_causes;Female;25;1028;1210;8272246;8274950
BR;2019/2022;Circulatory;Female;25;540;589;8272246;8274950
BR;2019/2022;Covid;Female;25;0;130;8272246;8274950
BR;2019/2022;External_causes;Female;25;1516;1756;8272246;8274950
BR;2019/2022;Infec_parasit;Female;25;405;446;8272246;8274950
BR;2019/2022;Neoplasms;Female;25;823;897;8272246;8274950
BR;2019/2022;Pregnancy;Female;25;340;364;8272246;8274950
BR;2019/2022;Respiratory;Female;25;304;334;8272246;8274950
BR;2019/2022;Undefined;Female;25;325;372;8272246;8274950
BR;2019/2022;All_causes;Male;25;18620;20454;8150148;8193145
BR;2019/2022;All_other_causes;Male;25;1542;1730;8150148;8193145
BR;2019/2022;Circulatory;Male;25;901;1033;8150148;8193145
BR;2019/2022;Covid;Male;25;1;198;8150148;8193145
BR;2019/2022;External_causes;Male;25;12951;14035;8150148;8193145
BR;2019/2022;Infec_parasit;Male;25;991;1128;8150148;8193145
BR;2019/2022;Neoplasms;Male;25;750;818;8150148;8193145
BR;2019/2022;Pregnancy;Male;25;0;0;8150148;8193145
BR;2019/2022;Respiratory;Male;25;557;601;8150148;8193145
BR;2019/2022;Undefined;Male;25;927;911;8150148;8193145
BR;2019/2022;All_causes;Female;30;7243;7665;8493968;8239142
BR;2019/2022;All_other_causes;Female;30;1362;1450;8493968;8239142
BR;2019/2022;Circulatory;Female;30;918;926;8493968;8239142
BR;2019/2022;Covid;Female;30;0;215;8493968;8239142
BR;2019/2022;External_causes;Female;30;1443;1710;8493968;8239142
BR;2019/2022;Infec_parasit;Female;30;615;560;8493968;8239142
BR;2019/2022;Neoplasms;Female;30;1658;1651;8493968;8239142
BR;2019/2022;Pregnancy;Female;30;393;343;8493968;8239142
BR;2019/2022;Respiratory;Female;30;401;390;8493968;8239142
BR;2019/2022;Undefined;Female;30;453;420;8493968;8239142
BR;2019/2022;All_causes;Male;30;19702;20860;8255517;8033827
BR;2019/2022;All_other_causes;Male;30;2326;2526;8255517;8033827
BR;2019/2022;Circulatory;Male;30;1497;1626;8255517;8033827
BR;2019/2022;Covid;Male;30;1;244;8255517;8033827
BR;2019/2022;External_causes;Male;30;11641;12079;8255517;8033827
BR;2019/2022;Infec_parasit;Male;30;1299;1380;8255517;8033827
BR;2019/2022;Neoplasms;Male;30;1005;1021;8255517;8033827
BR;2019/2022;Pregnancy;Male;30;0;0;8255517;8033827
BR;2019/2022;Respiratory;Male;30;711;751;8255517;8033827
BR;2019/2022;Undefined;Male;30;1222;1233;8255517;8033827
BR;2019/2022;All_causes;Female;35;10385;11038;8608339;8574426
BR;2019/2022;All_other_causes;Female;35;2010;2080;8608339;8574426
BR;2019/2022;Circulatory;Female;35;1690;1729;8608339;8574426
BR;2019/2022;Covid;Female;35;1;295;8608339;8574426
BR;2019/2022;External_causes;Female;35;1567;1738;8608339;8574426
BR;2019/2022;Infec_parasit;Female;35;862;824;8608339;8574426
BR;2019/2022;Neoplasms;Female;35;2795;2923;8608339;8574426
BR;2019/2022;Pregnancy;Female;35;323;319;8608339;8574426
BR;2019/2022;Respiratory;Female;35;552;570;8608339;8574426
BR;2019/2022;Undefined;Female;35;585;560;8608339;8574426
BR;2019/2022;All_causes;Male;35;22644;24124;8227095;8241075
BR;2019/2022;All_other_causes;Male;35;3675;4073;8227095;8241075
BR;2019/2022;Circulatory;Male;35;2629;2796;8227095;8241075
BR;2019/2022;Covid;Male;35;0;383;8227095;8241075
BR;2019/2022;External_causes;Male;35;10532;10890;8227095;8241075
BR;2019/2022;Infec_parasit;Male;35;1637;1781;8227095;8241075
BR;2019/2022;Neoplasms;Male;35;1582;1518;8227095;8241075
BR;2019/2022;Pregnancy;Male;35;0;0;8227095;8241075
BR;2019/2022;Respiratory;Male;35;1007;1051;8227095;8241075
BR;2019/2022;Undefined;Male;35;1582;1632;8227095;8241075
BR;2019/2022;All_causes;Female;40;13760;15736;7792313;8361528
BR;2019/2022;All_other_causes;Female;40;2661;2966;7792313;8361528
BR;2019/2022;Circulatory;Female;40;2806;3147;7792313;8361528
BR;2019/2022;Covid;Female;40;1;504;7792313;8361528
BR;2019/2022;External_causes;Female;40;1369;1667;7792313;8361528
BR;2019/2022;Infec_parasit;Female;40;1016;1058;7792313;8361528
BR;2019/2022;Neoplasms;Female;40;4310;4583;7792313;8361528
BR;2019/2022;Pregnancy;Female;40;140;145;7792313;8361528
BR;2019/2022;Respiratory;Female;40;723;891;7792313;8361528
BR;2019/2022;Undefined;Female;40;734;775;7792313;8361528
BR;2019/2022;All_causes;Male;40;25925;30068;7347141;7890594
BR;2019/2022;All_other_causes;Male;40;5084;6002;7347141;7890594
BR;2019/2022;Circulatory;Male;40;4387;5019;7347141;7890594
BR;2019/2022;Covid;Male;40;1;560;7347141;7890594
BR;2019/2022;External_causes;Male;40;8738;9989;7347141;7890594
BR;2019/2022;Infec_parasit;Male;40;1934;2177;7347141;7890594
BR;2019/2022;Neoplasms;Male;40;2551;2687;7347141;7890594
BR;2019/2022;Pregnancy;Male;40;0;0;7347141;7890594
BR;2019/2022;Respiratory;Male;40;1299;1547;7347141;7890594
BR;2019/2022;Undefined;Male;40;1931;2087;7347141;7890594
BR;2019/2022;All_causes;Female;45;17882;20029;6922507;7289770
BR;2019/2022;All_other_causes;Female;45;3495;3969;6922507;7289770
BR;2019/2022;Circulatory;Female;45;4401;4617;6922507;7289770
BR;2019/2022;Covid;Female;45;1;649;6922507;7289770
BR;2019/2022;External_causes;Female;45;1299;1466;6922507;7289770
BR;2019/2022;Infec_parasit;Female;45;1022;1162;6922507;7289770
BR;2019/2022;Neoplasms;Female;45;5622;6120;6922507;7289770
BR;2019/2022;Pregnancy;Female;45;15;18;6922507;7289770
BR;2019/2022;Respiratory;Female;45;1124;1122;6922507;7289770
BR;2019/2022;Undefined;Female;45;903;906;6922507;7289770
BR;2019/2022;All_causes;Male;45;31381;35125;6429381;6786555
BR;2019/2022;All_other_causes;Male;45;6756;7665;6429381;6786555
BR;2019/2022;Circulatory;Male;45;6673;7533;6429381;6786555
BR;2019/2022;Covid;Male;45;2;788;6429381;6786555
BR;2019/2022;External_causes;Male;45;7366;8287;6429381;6786555
BR;2019/2022;Infec_parasit;Male;45;2114;2259;6429381;6786555
BR;2019/2022;Neoplasms;Male;45;4321;4259;6429381;6786555
BR;2019/2022;Pregnancy;Male;45;0;0;6429381;6786555
BR;2019/2022;Respiratory;Male;45;1860;1855;6429381;6786555
BR;2019/2022;Undefined;Male;45;2289;2479;6429381;6786555
BR;2019/2022;All_causes;Female;5;1087;1113;7077260;7117933
BR;2019/2022;All_other_causes;Female;5;370;411;7077260;7117933
BR;2019/2022;Circulatory;Female;5;54;57;7077260;7117933
BR;2019/2022;Covid;Female;5;0;31;7077260;7117933
BR;2019/2022;External_causes;Female;5;218;195;7077260;7117933
BR;2019/2022;Infec_parasit;Female;5;73;64;7077260;7117933
BR;2019/2022;Neoplasms;Female;5;217;191;7077260;7117933
BR;2019/2022;Pregnancy;Female;5;0;0;7077260;7117933
BR;2019/2022;Respiratory;Female;5;89;109;7077260;7117933
BR;2019/2022;Undefined;Female;5;66;55;7077260;7117933
BR;2019/2022;All_causes;Male;5;1388;1378;7429405;7470215
BR;2019/2022;All_other_causes;Male;5;445;438;7429405;7470215
BR;2019/2022;Circulatory;Male;5;52;67;7429405;7470215
BR;2019/2022;Covid;Male;5;0;53;7429405;7470215
BR;2019/2022;External_causes;Male;5;371;358;7429405;7470215
BR;2019/2022;Infec_parasit;Male;5;85;72;7429405;7470215
BR;2019/2022;Neoplasms;Male;5;254;213;7429405;7470215
BR;2019/2022;Pregnancy;Male;5;0;0;7429405;7470215
BR;2019/2022;Respiratory;Male;5;114;109;7429405;7470215
BR;2019/2022;Undefined;Male;5;67;68;7429405;7470215
BR;2019/2022;All_causes;Female;50;24751;26072;6487200;6640700
BR;2019/2022;All_other_causes;Female;50;4880;5209;6487200;6640700
BR;2019/2022;Circulatory;Female;50;6308;6333;6487200;6640700
BR;2019/2022;Covid;Female;50;2;857;6487200;6640700
BR;2019/2022;External_causes;Female;50;1158;1374;6487200;6640700
BR;2019/2022;Infec_parasit;Female;50;1182;1311;6487200;6640700
BR;2019/2022;Neoplasms;Female;50;8258;8077;6487200;6640700
BR;2019/2022;Pregnancy;Female;50;0;2;6487200;6640700
BR;2019/2022;Respiratory;Female;50;1784;1711;6487200;6640700
BR;2019/2022;Undefined;Female;50;1179;1198;6487200;6640700
BR;2019/2022;All_causes;Male;50;42668;44931;5888136;6048475
BR;2019/2022;All_other_causes;Male;50;9301;10301;5888136;6048475
BR;2019/2022;Circulatory;Male;50;10999;11071;5888136;6048475
BR;2019/2022;Covid;Male;50;1;1166;5888136;6048475
BR;2019/2022;External_causes;Male;50;6670;6863;5888136;6048475
BR;2019/2022;Infec_parasit;Male;50;2454;2613;5888136;6048475
BR;2019/2022;Neoplasms;Male;50;7590;6999;5888136;6048475
BR;2019/2022;Pregnancy;Male;50;0;0;5888136;6048475
BR;2019/2022;Respiratory;Male;50;2743;2816;5888136;6048475
BR;2019/2022;Undefined;Male;50;2910;3102;5888136;6048475
BR;2019/2022;All_causes;Female;55;33486;36148;5850910;6176634
BR;2019/2022;All_other_causes;Female;55;6644;7355;5850910;6176634
BR;2019/2022;Circulatory;Female;55;8857;9186;5850910;6176634
BR;2019/2022;Covid;Female;55;5;1282;5850910;6176634
BR;2019/2022;External_causes;Female;55;1202;1415;5850910;6176634
BR;2019/2022;Infec_parasit;Female;55;1370;1514;5850910;6176634
BR;2019/2022;Neoplasms;Female;55;11007;10981;5850910;6176634
BR;2019/2022;Pregnancy;Female;55;0;0;5850910;6176634
BR;2019/2022;Respiratory;Female;55;2880;2856;5850910;6176634
BR;2019/2022;Undefined;Female;55;1521;1559;5850910;6176634
BR;2019/2022;All_causes;Male;55;54522;60432;5193015;5464324
BR;2019/2022;All_other_causes;Male;55;11479;12997;5193015;5464324
BR;2019/2022;Circulatory;Male;55;15293;16404;5193015;5464324
BR;2019/2022;Covid;Male;55;1;1863;5193015;5464324
BR;2019/2022;External_causes;Male;55;5614;6666;5193015;5464324
BR;2019/2022;Infec_parasit;Male;55;2676;3031;5193015;5464324
BR;2019/2022;Neoplasms;Male;55;11881;11372;5193015;5464324
BR;2019/2022;Pregnancy;Male;55;0;0;5193015;5464324
BR;2019/2022;Respiratory;Male;55;4111;4184;5193015;5464324
BR;2019/2022;Undefined;Male;55;3467;3915;5193015;5464324
BR;2019/2022;All_causes;Female;60;43422;47986;4874532;5325745
BR;2019/2022;All_other_causes;Female;60;8884;9617;4874532;5325745
BR;2019/2022;Circulatory;Female;60;12317;12948;4874532;5325745
BR;2019/2022;Covid;Female;60;4;1916;4874532;5325745
BR;2019/2022;External_causes;Female;60;1144;1376;4874532;5325745
BR;2019/2022;Infec_parasit;Female;60;1644;1900;4874532;5325745
BR;2019/2022;Neoplasms;Female;60;13101;13578;4874532;5325745
BR;2019/2022;Pregnancy;Female;60;0;0;4874532;5325745
BR;2019/2022;Respiratory;Female;60;4453;4668;4874532;5325745
BR;2019/2022;Undefined;Female;60;1875;1983;4874532;5325745
BR;2019/2022;All_causes;Male;60;66424;73959;4234251;4588721
BR;2019/2022;All_other_causes;Male;60;13219;15329;4234251;4588721
BR;2019/2022;Circulatory;Male;60;20361;21595;4234251;4588721
BR;2019/2022;Covid;Male;60;2;2586;4234251;4588721
BR;2019/2022;External_causes;Male;60;4824;5344;4234251;4588721
BR;2019/2022;Infec_parasit;Male;60;2618;3126;4234251;4588721
BR;2019/2022;Neoplasms;Male;60;15601;15515;4234251;4588721
BR;2019/2022;Pregnancy;Male;60;0;0;4234251;4588721
BR;2019/2022;Respiratory;Male;60;5888;6096;4234251;4588721
BR;2019/2022;Undefined;Male;60;3911;4368;4234251;4588721
BR;2019/2022;All_causes;Female;65;52849;60934;3834603;4268636
BR;2019/2022;All_other_causes;Female;65;11404;12920;3834603;4268636
BR;2019/2022;Circulatory;Female;65;15955;17490;3834603;4268636
BR;2019/2022;Covid;Female;65;2;2497;3834603;4268636
BR;2019/2022;External_causes;Female;65;1300;1571;3834603;4268636
BR;2019/2022;Infec_parasit;Female;65;2043;2406;3834603;4268636
BR;2019/2022;Neoplasms;Female;65;13976;14974;3834603;4268636
BR;2019/2022;Pregnancy;Female;65;0;0;3834603;4268636
BR;2019/2022;Respiratory;Female;65;5877;6625;3834603;4268636
BR;2019/2022;Undefined;Female;65;2292;2451;3834603;4268636
BR;2019/2022;All_causes;Male;65;74116;86234;3228543;3552696
BR;2019/2022;All_other_causes;Male;65;14889;17712;3228543;3552696
BR;2019/2022;Circulatory;Male;65;23385;25955;3228543;3552696
BR;2019/2022;Covid;Male;65;1;3468;3228543;3552696
BR;2019/2022;External_causes;Male;65;4023;4517;3228543;3552696
BR;2019/2022;Infec_parasit;Male;65;2752;3389;3228543;3552696
BR;2019/2022;Neoplasms;Male;65;17551;18244;3228543;3552696
BR;2019/2022;Pregnancy;Male;65;0;0;3228543;3552696
BR;2019/2022;Respiratory;Male;65;7534;8268;3228543;3552696
BR;2019/2022;Undefined;Male;65;3981;4681;3228543;3552696
BR;2019/2022;All_causes;Female;70;59744;71351;2840115;3221066
BR;2019/2022;All_other_causes;Female;70;13664;16037;2840115;3221066
BR;2019/2022;Circulatory;Female;70;18772;21315;2840115;3221066
BR;2019/2022;Covid;Female;70;0;3066;2840115;3221066
BR;2019/2022;External_causes;Female;70;1499;1872;2840115;3221066
BR;2019/2022;Infec_parasit;Female;70;2259;2770;2840115;3221066
BR;2019/2022;Neoplasms;Female;70;13267;14607;2840115;3221066
BR;2019/2022;Pregnancy;Female;70;0;0;2840115;3221066
BR;2019/2022;Respiratory;Female;70;7578;8731;2840115;3221066
BR;2019/2022;Undefined;Female;70;2705;2953;2840115;3221066
BR;2019/2022;All_causes;Male;70;76165;91822;2303522;2563397
BR;2019/2022;All_other_causes;Male;70;15212;18500;2303522;2563397
BR;2019/2022;Circulatory;Male;70;24661;28249;2303522;2563397
BR;2019/2022;Covid;Male;70;2;4272;2303522;2563397
BR;2019/2022;External_causes;Male;70;3137;3731;2303522;2563397
BR;2019/2022;Infec_parasit;Male;70;2643;3288;2303522;2563397
BR;2019/2022;Neoplasms;Male;70;17177;18543;2303522;2563397
BR;2019/2022;Pregnancy;Male;70;0;0;2303522;2563397
BR;2019/2022;Respiratory;Male;70;9440;10643;2303522;2563397
BR;2019/2022;Undefined;Male;70;3893;4596;2303522;2563397
BR;2019/2022;All_causes;Female;75;69156;80394;1996507;2234649
BR;2019/2022;All_other_causes;Female;75;16656;19353;1996507;2234649
BR;2019/2022;Circulatory;Female;75;22667;24719;1996507;2234649
BR;2019/2022;Covid;Female;75;2;3877;1996507;2234649
BR;2019/2022;External_causes;Female;75;1892;2223;1996507;2234649
BR;2019/2022;Infec_parasit;Female;75;2641;3153;1996507;2234649
BR;2019/2022;Neoplasms;Female;75;12135;12985;1996507;2234649
BR;2019/2022;Pregnancy;Female;75;0;0;1996507;2234649
BR;2019/2022;Respiratory;Female;75;9874;10630;1996507;2234649
BR;2019/2022;Undefined;Female;75;3289;3454;1996507;2234649
BR;2019/2022;All_causes;Male;75;76965;89632;1498484;1669303
BR;2019/2022;All_other_causes;Male;75;16075;18455;1498484;1669303
BR;2019/2022;Circulatory;Male;75;25131;27354;1498484;1669303
BR;2019/2022;Covid;Male;75;4;4920;1498484;1669303
BR;2019/2022;External_causes;Male;75;2783;3260;1498484;1669303
BR;2019/2022;Infec_parasit;Male;75;2542;3085;1498484;1669303
BR;2019/2022;Neoplasms;Male;75;15506;16299;1498484;1669303
BR;2019/2022;Pregnancy;Male;75;0;0;1498484;1669303
BR;2019/2022;Respiratory;Male;75;11124;12118;1498484;1669303
BR;2019/2022;Undefined;Male;75;3800;4141;1498484;1669303
BR;2019/2022;All_causes;Female;80;78131;89920;1371868;1466341
BR;2019/2022;All_other_causes;Female;80;19909;22671;1371868;1466341
BR;2019/2022;Circulatory;Female;80;25937;27685;1371868;1466341
BR;2019/2022;Covid;Female;80;4;4588;1371868;1466341
BR;2019/2022;External_causes;Female;80;2383;2702;1371868;1466341
BR;2019/2022;Infec_parasit;Female;80;2965;3542;1371868;1466341
BR;2019/2022;Neoplasms;Female;80;10526;11121;1371868;1466341
BR;2019/2022;Pregnancy;Female;80;0;0;1371868;1466341
BR;2019/2022;Respiratory;Female;80;12485;13386;1371868;1466341
BR;2019/2022;Undefined;Female;80;3922;4225;1371868;1466341
BR;2019/2022;All_causes;Male;80;71708;83771;927586;989957
BR;2019/2022;All_other_causes;Male;80;15440;18020;927586;989957
BR;2019/2022;Circulatory;Male;80;22939;24899;927586;989957
BR;2019/2022;Covid;Male;80;0;5043;927586;989957
BR;2019/2022;External_causes;Male;80;2473;2813;927586;989957
BR;2019/2022;Infec_parasit;Male;80;2374;2916;927586;989957
BR;2019/2022;Neoplasms;Male;80;12720;13004;927586;989957
BR;2019/2022;Pregnancy;Male;80;0;0;927586;989957
BR;2019/2022;Respiratory;Male;80;12102;12985;927586;989957
BR;2019/2022;Undefined;Male;80;3660;4091;927586;989957
BR;2019/2022;All_causes;Female;85;158098;196490;751658;817023
BR;2019/2022;All_other_causes;Female;85;42852;53470;751658;817023
BR;2019/2022;Circulatory;Female;85;50181;58217;751658;817023
BR;2019/2022;Covid;Female;85;6;10549;751658;817023
BR;2019/2022;External_causes;Female;85;5581;6541;751658;817023
BR;2019/2022;Infec_parasit;Female;85;5802;7117;751658;817023
BR;2019/2022;Neoplasms;Female;85;12864;14130;751658;817023
BR;2019/2022;Pregnancy;Female;85;0;0;751658;817023
BR;2019/2022;Respiratory;Female;85;29986;33405;751658;817023
BR;2019/2022;Undefined;Female;85;10826;13061;751658;817023
BR;2019/2022;All_causes;Male;85;102176;125069;439552;481963
BR;2019/2022;All_other_causes;Male;85;23553;28207;439552;481963
BR;2019/2022;Circulatory;Male;85;31174;35075;439552;481963
BR;2019/2022;Covid;Male;85;3;9067;439552;481963
BR;2019/2022;External_causes;Male;85;3397;4093;439552;481963
BR;2019/2022;Infec_parasit;Male;85;3310;4208;439552;481963
BR;2019/2022;Neoplasms;Male;85;12884;13570;439552;481963
BR;2019/2022;Pregnancy;Male;85;0;0;439552;481963
BR;2019/2022;Respiratory;Male;85;21079;23099;439552;481963
BR;2019/2022;Undefined;Male;85;6776;7750;439552;481963
BR;2019/2023;All_causes;Female;0;15658;14198;1408780;1233924
BR;2019/2023;All_other_causes;Female;0;13298;11756;1408780;1233924
BR;2019/2023;Circulatory;Female;0;146;133;1408780;1233924
BR;2019/2023;Covid;Female;0;2;61;1408780;1233924
BR;2019/2023;External_causes;Female;0;432;531;1408780;1233924
BR;2019/2023;Infec_parasit;Female;0;569;550;1408780;1233924
BR;2019/2023;Neoplasms;Female;0;73;54;1408780;1233924
BR;2019/2023;Pregnancy;Female;0;0;0;1408780;1233924
BR;2019/2023;Respiratory;Female;0;757;800;1408780;1233924
BR;2019/2023;Undefined;Female;0;381;313;1408780;1233924
BR;2019/2023;All_causes;Male;0;19437;17632;1476538;1293317
BR;2019/2023;All_other_causes;Male;0;16556;14554;1476538;1293317
BR;2019/2023;Circulatory;Male;0;197;147;1476538;1293317
BR;2019/2023;Covid;Male;0;5;77;1476538;1293317
BR;2019/2023;External_causes;Male;0;548;629;1476538;1293317
BR;2019/2023;Infec_parasit;Male;0;687;652;1476538;1293317
BR;2019/2023;Neoplasms;Male;0;65;43;1476538;1293317
BR;2019/2023;Pregnancy;Male;0;0;0;1476538;1293317
BR;2019/2023;Respiratory;Male;0;870;1102;1476538;1293317
BR;2019/2023;Undefined;Male;0;509;428;1476538;1293317
BR;2019/2023;All_causes;Female;1;2850;3093;5703153;5319666
BR;2019/2023;All_other_causes;Female;1;996;1053;5703153;5319666
BR;2019/2023;Circulatory;Female;1;115;102;5703153;5319666
BR;2019/2023;Covid;Female;1;1;19;5703153;5319666
BR;2019/2023;External_causes;Female;1;527;587;5703153;5319666
BR;2019/2023;Infec_parasit;Female;1;231;265;5703153;5319666
BR;2019/2023;Neoplasms;Female;1;275;286;5703153;5319666
BR;2019/2023;Pregnancy;Female;1;0;0;5703153;5319666
BR;2019/2023;Respiratory;Female;1;530;622;5703153;5319666
BR;2019/2023;Undefined;Female;1;175;159;5703153;5319666
BR;2019/2023;All_causes;Male;1;3662;3670;5982162;5574335
BR;2019/2023;All_other_causes;Male;1;1289;1186;5982162;5574335
BR;2019/2023;Circulatory;Male;1;135;117;5982162;5574335
BR;2019/2023;Covid;Male;1;1;33;5982162;5574335
BR;2019/2023;External_causes;Male;1;829;873;5982162;5574335
BR;2019/2023;Infec_parasit;Male;1;278;290;5982162;5574335
BR;2019/2023;Neoplasms;Male;1;355;345;5982162;5574335
BR;2019/2023;Pregnancy;Male;1;0;0;5982162;5574335
BR;2019/2023;Respiratory;Male;1;557;627;5982162;5574335
BR;2019/2023;Undefined;Male;1;218;199;5982162;5574335
BR;2019/2023;All_causes;Female;10;1704;1600;7348051;7082501
BR;2019/2023;All_other_causes;Female;10;496;530;7348051;7082501
BR;2019/2023;Circulatory;Female;10;109;96;7348051;7082501
BR;2019/2023;Covid;Female;10;0;6;7348051;7082501
BR;2019/2023;External_causes;Female;10;482;441;7348051;7082501
BR;2019/2023;Infec_parasit;Female;10;90;74;7348051;7082501
BR;2019/2023;Neoplasms;Female;10;285;230;7348051;7082501
BR;2019/2023;Pregnancy;Female;10;14;7;7348051;7082501
BR;2019/2023;Respiratory;Female;10;127;137;7348051;7082501
BR;2019/2023;Undefined;Female;10;101;79;7348051;7082501
BR;2019/2023;All_causes;Male;10;2519;2373;7696334;7433007
BR;2019/2023;All_other_causes;Male;10;606;622;7696334;7433007
BR;2019/2023;Circulatory;Male;10;127;103;7696334;7433007
BR;2019/2023;Covid;Male;10;1;12;7696334;7433007
BR;2019/2023;External_causes;Male;10;1067;889;7696334;7433007
BR;2019/2023;Infec_parasit;Male;10;107;131;7696334;7433007
BR;2019/2023;Neoplasms;Male;10;316;306;7696334;7433007
BR;2019/2023;Pregnancy;Male;10;0;0;7696334;7433007
BR;2019/2023;Respiratory;Male;10;172;204;7696334;7433007
BR;2019/2023;Undefined;Male;10;123;106;7696334;7433007
BR;2019/2023;All_causes;Female;15;3381;3007;7936624;7418395
BR;2019/2023;All_other_causes;Female;15;763;708;7936624;7418395
BR;2019/2023;Circulatory;Female;15;192;184;7936624;7418395
BR;2019/2023;Covid;Female;15;0;11;7936624;7418395
BR;2019/2023;External_causes;Female;15;1305;1227;7936624;7418395
BR;2019/2023;Infec_parasit;Female;15;159;153;7936624;7418395
BR;2019/2023;Neoplasms;Female;15;326;274;7936624;7418395
BR;2019/2023;Pregnancy;Female;15;199;135;7936624;7418395
BR;2019/2023;Respiratory;Female;15;200;170;7936624;7418395
BR;2019/2023;Undefined;Female;15;237;145;7936624;7418395
BR;2019/2023;All_causes;Male;15;13318;10471;8225283;7751015
BR;2019/2023;All_other_causes;Male;15;937;971;8225283;7751015
BR;2019/2023;Circulatory;Male;15;347;308;8225283;7751015
BR;2019/2023;Covid;Male;15;0;14;8225283;7751015
BR;2019/2023;External_causes;Male;15;10529;7960;8225283;7751015
BR;2019/2023;Infec_parasit;Male;15;223;200;8225283;7751015
BR;2019/2023;Neoplasms;Male;15;479;455;8225283;7751015
BR;2019/2023;Pregnancy;Male;15;0;0;8225283;7751015
BR;2019/2023;Respiratory;Male;15;277;261;8225283;7751015
BR;2019/2023;Undefined;Male;15;526;302;8225283;7751015
BR;2019/2023;All_causes;Female;20;4622;4523;8347000;7974090
BR;2019/2023;All_other_causes;Female;20;914;986;8347000;7974090
BR;2019/2023;Circulatory;Female;20;366;311;8347000;7974090
BR;2019/2023;Covid;Female;20;1;25;8347000;7974090
BR;2019/2023;External_causes;Female;20;1733;1721;8347000;7974090
BR;2019/2023;Infec_parasit;Female;20;255;275;8347000;7974090
BR;2019/2023;Neoplasms;Female;20;483;437;8347000;7974090
BR;2019/2023;Pregnancy;Female;20;302;270;8347000;7974090
BR;2019/2023;Respiratory;Female;20;280;258;8347000;7974090
BR;2019/2023;Undefined;Female;20;288;240;8347000;7974090
BR;2019/2023;All_causes;Male;20;20335;18827;8400832;8164085
BR;2019/2023;All_other_causes;Male;20;1229;1314;8400832;8164085
BR;2019/2023;Circulatory;Male;20;650;556;8400832;8164085
BR;2019/2023;Covid;Male;20;2;20;8400832;8164085
BR;2019/2023;External_causes;Male;20;15898;14698;8400832;8164085
BR;2019/2023;Infec_parasit;Male;20;613;564;8400832;8164085
BR;2019/2023;Neoplasms;Male;20;679;591;8400832;8164085
BR;2019/2023;Pregnancy;Male;20;0;0;8400832;8164085
BR;2019/2023;Respiratory;Male;20;425;434;8400832;8164085
BR;2019/2023;Undefined;Male;20;839;650;8400832;8164085
BR;2019/2023;All_causes;Female;25;5281;5910;8272246;8248194
BR;2019/2023;All_other_causes;Female;25;1028;1180;8272246;8248194
BR;2019/2023;Circulatory;Female;25;540;598;8272246;8248194
BR;2019/2023;Covid;Female;25;0;24;8272246;8248194
BR;2019/2023;External_causes;Female;25;1516;1786;8272246;8248194
BR;2019/2023;Infec_parasit;Female;25;405;446;8272246;8248194
BR;2019/2023;Neoplasms;Female;25;823;902;8272246;8248194
BR;2019/2023;Pregnancy;Female;25;340;359;8272246;8248194
BR;2019/2023;Respiratory;Female;25;304;310;8272246;8248194
BR;2019/2023;Undefined;Female;25;325;305;8272246;8248194
BR;2019/2023;All_causes;Male;25;18620;20388;8150148;8190619
BR;2019/2023;All_other_causes;Male;25;1542;1661;8150148;8190619
BR;2019/2023;Circulatory;Male;25;901;1017;8150148;8190619
BR;2019/2023;Covid;Male;25;1;34;8150148;8190619
BR;2019/2023;External_causes;Male;25;12951;14260;8150148;8190619
BR;2019/2023;Infec_parasit;Male;25;991;1100;8150148;8190619
BR;2019/2023;Neoplasms;Male;25;750;827;8150148;8190619
BR;2019/2023;Pregnancy;Male;25;0;0;8150148;8190619
BR;2019/2023;Respiratory;Male;25;557;618;8150148;8190619
BR;2019/2023;Undefined;Male;25;927;871;8150148;8190619
BR;2019/2023;All_causes;Female;30;7243;7446;8493968;8196216
BR;2019/2023;All_other_causes;Female;30;1362;1496;8493968;8196216
BR;2019/2023;Circulatory;Female;30;918;946;8493968;8196216
BR;2019/2023;Covid;Female;30;0;29;8493968;8196216
BR;2019/2023;External_causes;Female;30;1443;1667;8493968;8196216
BR;2019/2023;Infec_parasit;Female;30;615;543;8493968;8196216
BR;2019/2023;Neoplasms;Female;30;1658;1649;8493968;8196216
BR;2019/2023;Pregnancy;Female;30;393;319;8493968;8196216
BR;2019/2023;Respiratory;Female;30;401;425;8493968;8196216
BR;2019/2023;Undefined;Female;30;453;372;8493968;8196216
BR;2019/2023;All_causes;Male;30;19702;20137;8255517;7999287
BR;2019/2023;All_other_causes;Male;30;2326;2346;8255517;7999287
BR;2019/2023;Circulatory;Male;30;1497;1711;8255517;7999287
BR;2019/2023;Covid;Male;30;1;47;8255517;7999287
BR;2019/2023;External_causes;Male;30;11641;11850;8255517;7999287
BR;2019/2023;Infec_parasit;Male;30;1299;1344;8255517;7999287
BR;2019/2023;Neoplasms;Male;30;1005;1057;8255517;7999287
BR;2019/2023;Pregnancy;Male;30;0;0;8255517;7999287
BR;2019/2023;Respiratory;Male;30;711;683;8255517;7999287
BR;2019/2023;Undefined;Male;30;1222;1099;8255517;7999287
BR;2019/2023;All_causes;Female;35;10385;10561;8608339;8508424
BR;2019/2023;All_other_causes;Female;35;2010;2082;8608339;8508424
BR;2019/2023;Circulatory;Female;35;1690;1634;8608339;8508424
BR;2019/2023;Covid;Female;35;1;52;8608339;8508424
BR;2019/2023;External_causes;Female;35;1567;1749;8608339;8508424
BR;2019/2023;Infec_parasit;Female;35;862;764;8608339;8508424
BR;2019/2023;Neoplasms;Female;35;2795;2846;8608339;8508424
BR;2019/2023;Pregnancy;Female;35;323;348;8608339;8508424
BR;2019/2023;Respiratory;Female;35;552;540;8608339;8508424
BR;2019/2023;Undefined;Female;35;585;546;8608339;8508424
BR;2019/2023;All_causes;Male;35;22644;23500;8227095;8189931
BR;2019/2023;All_other_causes;Male;35;3675;3695;8227095;8189931
BR;2019/2023;Circulatory;Male;35;2629;2870;8227095;8189931
BR;2019/2023;Covid;Male;35;0;67;8227095;8189931
BR;2019/2023;External_causes;Male;35;10532;11107;8227095;8189931
BR;2019/2023;Infec_parasit;Male;35;1637;1671;8227095;8189931
BR;2019/2023;Neoplasms;Male;35;1582;1598;8227095;8189931
BR;2019/2023;Pregnancy;Male;35;0;0;8227095;8189931
BR;2019/2023;Respiratory;Male;35;1007;1019;8227095;8189931
BR;2019/2023;Undefined;Male;35;1582;1473;8227095;8189931
BR;2019/2023;All_causes;Female;40;13760;15410;7792313;8465433
BR;2019/2023;All_other_causes;Female;40;2661;3022;7792313;8465433
BR;2019/2023;Circulatory;Female;40;2806;3093;7792313;8465433
BR;2019/2023;Covid;Female;40;1;77;7792313;8465433
BR;2019/2023;External_causes;Female;40;1369;1768;7792313;8465433
BR;2019/2023;Infec_parasit;Female;40;1016;1054;7792313;8465433
BR;2019/2023;Neoplasms;Female;40;4310;4645;7792313;8465433
BR;2019/2023;Pregnancy;Female;40;140;144;7792313;8465433
BR;2019/2023;Respiratory;Female;40;723;895;7792313;8465433
BR;2019/2023;Undefined;Female;40;734;712;7792313;8465433
BR;2019/2023;All_causes;Male;40;25925;29544;7347141;8000280
BR;2019/2023;All_other_causes;Male;40;5084;5719;7347141;8000280
BR;2019/2023;Circulatory;Male;40;4387;4979;7347141;8000280
BR;2019/2023;Covid;Male;40;1;114;7347141;8000280
BR;2019/2023;External_causes;Male;40;8738;10232;7347141;8000280
BR;2019/2023;Infec_parasit;Male;40;1934;2130;7347141;8000280
BR;2019/2023;Neoplasms;Male;40;2551;2751;7347141;8000280
BR;2019/2023;Pregnancy;Male;40;0;0;7347141;8000280
BR;2019/2023;Respiratory;Male;40;1299;1592;7347141;8000280
BR;2019/2023;Undefined;Male;40;1931;2027;7347141;8000280
BR;2019/2023;All_causes;Female;45;17882;19284;6922507;7477692
BR;2019/2023;All_other_causes;Female;45;3495;3943;6922507;7477692
BR;2019/2023;Circulatory;Female;45;4401;4431;6922507;7477692
BR;2019/2023;Covid;Female;45;1;89;6922507;7477692
BR;2019/2023;External_causes;Female;45;1299;1560;6922507;7477692
BR;2019/2023;Infec_parasit;Female;45;1022;1125;6922507;7477692
BR;2019/2023;Neoplasms;Female;45;5622;6208;6922507;7477692
BR;2019/2023;Pregnancy;Female;45;15;15;6922507;7477692
BR;2019/2023;Respiratory;Female;45;1124;1127;6922507;7477692
BR;2019/2023;Undefined;Female;45;903;786;6922507;7477692
BR;2019/2023;All_causes;Male;45;31381;34360;6429381;6966824
BR;2019/2023;All_other_causes;Male;45;6756;7616;6429381;6966824
BR;2019/2023;Circulatory;Male;45;6673;7473;6429381;6966824
BR;2019/2023;Covid;Male;45;2;146;6429381;6966824
BR;2019/2023;External_causes;Male;45;7366;8311;6429381;6966824
BR;2019/2023;Infec_parasit;Male;45;2114;2180;6429381;6966824
BR;2019/2023;Neoplasms;Male;45;4321;4355;6429381;6966824
BR;2019/2023;Pregnancy;Male;45;0;0;6429381;6966824
BR;2019/2023;Respiratory;Male;45;1860;1916;6429381;6966824
BR;2019/2023;Undefined;Male;45;2289;2363;6429381;6966824
BR;2019/2023;All_causes;Female;5;1087;1158;7077260;7119716
BR;2019/2023;All_other_causes;Female;5;370;406;7077260;7119716
BR;2019/2023;Circulatory;Female;5;54;61;7077260;7119716
BR;2019/2023;Covid;Female;5;0;10;7077260;7119716
BR;2019/2023;External_causes;Female;5;218;208;7077260;7119716
BR;2019/2023;Infec_parasit;Female;5;73;73;7077260;7119716
BR;2019/2023;Neoplasms;Female;5;217;187;7077260;7119716
BR;2019/2023;Pregnancy;Female;5;0;0;7077260;7119716
BR;2019/2023;Respiratory;Female;5;89;159;7077260;7119716
BR;2019/2023;Undefined;Female;5;66;54;7077260;7119716
BR;2019/2023;All_causes;Male;5;1388;1398;7429405;7470029
BR;2019/2023;All_other_causes;Male;5;445;469;7429405;7470029
BR;2019/2023;Circulatory;Male;5;52;65;7429405;7470029
BR;2019/2023;Covid;Male;5;0;5;7429405;7470029
BR;2019/2023;External_causes;Male;5;371;345;7429405;7470029
BR;2019/2023;Infec_parasit;Male;5;85;85;7429405;7470029
BR;2019/2023;Neoplasms;Male;5;254;224;7429405;7470029
BR;2019/2023;Pregnancy;Male;5;0;0;7429405;7470029
BR;2019/2023;Respiratory;Male;5;114;130;7429405;7470029
BR;2019/2023;Undefined;Male;5;67;75;7429405;7470029
BR;2019/2023;All_causes;Female;50;24751;25316;6487200;6714889
BR;2019/2023;All_other_causes;Female;50;4880;5205;6487200;6714889
BR;2019/2023;Circulatory;Female;50;6308;6220;6487200;6714889
BR;2019/2023;Covid;Female;50;2;122;6487200;6714889
BR;2019/2023;External_causes;Female;50;1158;1428;6487200;6714889
BR;2019/2023;Infec_parasit;Female;50;1182;1211;6487200;6714889
BR;2019/2023;Neoplasms;Female;50;8258;8335;6487200;6714889
BR;2019/2023;Pregnancy;Female;50;0;5;6487200;6714889
BR;2019/2023;Respiratory;Female;50;1784;1740;6487200;6714889
BR;2019/2023;Undefined;Female;50;1179;1050;6487200;6714889
BR;2019/2023;All_causes;Male;50;42668;43546;5888136;6127370
BR;2019/2023;All_other_causes;Male;50;9301;9624;5888136;6127370
BR;2019/2023;Circulatory;Male;50;10999;11054;5888136;6127370
BR;2019/2023;Covid;Male;50;1;163;5888136;6127370
BR;2019/2023;External_causes;Male;50;6670;7260;5888136;6127370
BR;2019/2023;Infec_parasit;Male;50;2454;2565;5888136;6127370
BR;2019/2023;Neoplasms;Male;50;7590;7314;5888136;6127370
BR;2019/2023;Pregnancy;Male;50;0;0;5888136;6127370
BR;2019/2023;Respiratory;Male;50;2743;2728;5888136;6127370
BR;2019/2023;Undefined;Male;50;2910;2838;5888136;6127370
BR;2019/2023;All_causes;Female;55;33486;34773;5850910;6255579
BR;2019/2023;All_other_causes;Female;55;6644;7164;5850910;6255579
BR;2019/2023;Circulatory;Female;55;8857;8895;5850910;6255579
BR;2019/2023;Covid;Female;55;5;172;5850910;6255579
BR;2019/2023;External_causes;Female;55;1202;1361;5850910;6255579
BR;2019/2023;Infec_parasit;Female;55;1370;1469;5850910;6255579
BR;2019/2023;Neoplasms;Female;55;11007;11666;5850910;6255579
BR;2019/2023;Pregnancy;Female;55;0;2;5850910;6255579
BR;2019/2023;Respiratory;Female;55;2880;2781;5850910;6255579
BR;2019/2023;Undefined;Female;55;1521;1263;5850910;6255579
BR;2019/2023;All_causes;Male;55;54522;57273;5193015;5538849
BR;2019/2023;All_other_causes;Male;55;11479;12743;5193015;5538849
BR;2019/2023;Circulatory;Male;55;15293;15998;5193015;5538849
BR;2019/2023;Covid;Male;55;1;267;5193015;5538849
BR;2019/2023;External_causes;Male;55;5614;6726;5193015;5538849
BR;2019/2023;Infec_parasit;Male;55;2676;2689;5193015;5538849
BR;2019/2023;Neoplasms;Male;55;11881;11264;5193015;5538849
BR;2019/2023;Pregnancy;Male;55;0;0;5193015;5538849
BR;2019/2023;Respiratory;Male;55;4111;4146;5193015;5538849
BR;2019/2023;Undefined;Male;55;3467;3440;5193015;5538849
BR;2019/2023;All_causes;Female;60;43422;46405;4874532;5476616
BR;2019/2023;All_other_causes;Female;60;8884;9598;4874532;5476616
BR;2019/2023;Circulatory;Female;60;12317;12841;4874532;5476616
BR;2019/2023;Covid;Female;60;4;263;4874532;5476616
BR;2019/2023;External_causes;Female;60;1144;1432;4874532;5476616
BR;2019/2023;Infec_parasit;Female;60;1644;1889;4874532;5476616
BR;2019/2023;Neoplasms;Female;60;13101;14324;4874532;5476616
BR;2019/2023;Pregnancy;Female;60;0;0;4874532;5476616
BR;2019/2023;Respiratory;Female;60;4453;4370;4874532;5476616
BR;2019/2023;Undefined;Female;60;1875;1688;4874532;5476616
BR;2019/2023;All_causes;Male;60;66424;71036;4234251;4712064
BR;2019/2023;All_other_causes;Male;60;13219;15211;4234251;4712064
BR;2019/2023;Circulatory;Male;60;20361;21026;4234251;4712064
BR;2019/2023;Covid;Male;60;2;360;4234251;4712064
BR;2019/2023;External_causes;Male;60;4824;5639;4234251;4712064
BR;2019/2023;Infec_parasit;Male;60;2618;3070;4234251;4712064
BR;2019/2023;Neoplasms;Male;60;15601;16150;4234251;4712064
BR;2019/2023;Pregnancy;Male;60;0;0;4234251;4712064
BR;2019/2023;Respiratory;Male;60;5888;5765;4234251;4712064
BR;2019/2023;Undefined;Male;60;3911;3815;4234251;4712064
BR;2019/2023;All_causes;Female;65;52849;58670;3834603;4424233
BR;2019/2023;All_other_causes;Female;65;11404;12813;3834603;4424233
BR;2019/2023;Circulatory;Female;65;15955;17153;3834603;4424233
BR;2019/2023;Covid;Female;65;2;431;3834603;4424233
BR;2019/2023;External_causes;Female;65;1300;1684;3834603;4424233
BR;2019/2023;Infec_parasit;Female;65;2043;2348;3834603;4424233
BR;2019/2023;Neoplasms;Female;65;13976;15748;3834603;4424233
BR;2019/2023;Pregnancy;Female;65;0;0;3834603;4424233
BR;2019/2023;Respiratory;Female;65;5877;6381;3834603;4424233
BR;2019/2023;Undefined;Female;65;2292;2112;3834603;4424233
BR;2019/2023;All_causes;Male;65;74116;83791;3228543;3678399
BR;2019/2023;All_other_causes;Male;65;14889;17389;3228543;3678399
BR;2019/2023;Circulatory;Male;65;23385;25866;3228543;3678399
BR;2019/2023;Covid;Male;65;1;564;3228543;3678399
BR;2019/2023;External_causes;Male;65;4023;4880;3228543;3678399
BR;2019/2023;Infec_parasit;Male;65;2752;3352;3228543;3678399
BR;2019/2023;Neoplasms;Male;65;17551;19237;3228543;3678399
BR;2019/2023;Pregnancy;Male;65;0;0;3228543;3678399
BR;2019/2023;Respiratory;Male;65;7534;8417;3228543;3678399
BR;2019/2023;Undefined;Male;65;3981;4086;3228543;3678399
BR;2019/2023;All_causes;Female;70;59744;68605;2840115;3358242
BR;2019/2023;All_other_causes;Female;70;13664;16121;2840115;3358242
BR;2019/2023;Circulatory;Female;70;18772;20968;2840115;3358242
BR;2019/2023;Covid;Female;70;0;511;2840115;3358242
BR;2019/2023;External_causes;Female;70;1499;1897;2840115;3358242
BR;2019/2023;Infec_parasit;Female;70;2259;2667;2840115;3358242
BR;2019/2023;Neoplasms;Female;70;13267;15685;2840115;3358242
BR;2019/2023;Pregnancy;Female;70;0;0;2840115;3358242
BR;2019/2023;Respiratory;Female;70;7578;8323;2840115;3358242
BR;2019/2023;Undefined;Female;70;2705;2433;2840115;3358242
BR;2019/2023;All_causes;Male;70;76165;88060;2303522;2662432
BR;2019/2023;All_other_causes;Male;70;15212;18553;2303522;2662432
BR;2019/2023;Circulatory;Male;70;24661;27722;2303522;2662432
BR;2019/2023;Covid;Male;70;2;658;2303522;2662432
BR;2019/2023;External_causes;Male;70;3137;4050;2303522;2662432
BR;2019/2023;Infec_parasit;Male;70;2643;3183;2303522;2662432
BR;2019/2023;Neoplasms;Male;70;17177;19471;2303522;2662432
BR;2019/2023;Pregnancy;Male;70;0;0;2303522;2662432
BR;2019/2023;Respiratory;Male;70;9440;10472;2303522;2662432
BR;2019/2023;Undefined;Male;70;3893;3951;2303522;2662432
BR;2019/2023;All_causes;Female;75;69156;76379;1996507;2344518
BR;2019/2023;All_other_causes;Female;75;16656;19433;1996507;2344518
BR;2019/2023;Circulatory;Female;75;22667;23883;1996507;2344518
BR;2019/2023;Covid;Female;75;2;609;1996507;2344518
BR;2019/2023;External_causes;Female;75;1892;2363;1996507;2344518
BR;2019/2023;Infec_parasit;Female;75;2641;3047;1996507;2344518
BR;2019/2023;Neoplasms;Female;75;12135;13793;1996507;2344518
BR;2019/2023;Pregnancy;Female;75;0;0;1996507;2344518
BR;2019/2023;Respiratory;Female;75;9874;10307;1996507;2344518
BR;2019/2023;Undefined;Female;75;3289;2944;1996507;2344518
BR;2019/2023;All_causes;Male;75;76965;85328;1498484;1752057
BR;2019/2023;All_other_causes;Male;75;16075;18754;1498484;1752057
BR;2019/2023;Circulatory;Male;75;25131;27167;1498484;1752057
BR;2019/2023;Covid;Male;75;4;728;1498484;1752057
BR;2019/2023;External_causes;Male;75;2783;3363;1498484;1752057
BR;2019/2023;Infec_parasit;Male;75;2542;3036;1498484;1752057
BR;2019/2023;Neoplasms;Male;75;15506;17156;1498484;1752057
BR;2019/2023;Pregnancy;Male;75;0;0;1498484;1752057
BR;2019/2023;Respiratory;Male;75;11124;11533;1498484;1752057
BR;2019/2023;Undefined;Male;75;3800;3591;1498484;1752057
BR;2019/2023;All_causes;Female;80;78131;84155;1371868;1501717
BR;2019/2023;All_other_causes;Female;80;19909;23031;1371868;1501717
BR;2019/2023;Circulatory;Female;80;25937;26261;1371868;1501717
BR;2019/2023;Covid;Female;80;4;772;1371868;1501717
BR;2019/2023;External_causes;Female;80;2383;2831;1371868;1501717
BR;2019/2023;Infec_parasit;Female;80;2965;3394;1371868;1501717
BR;2019/2023;Neoplasms;Female;80;10526;11653;1371868;1501717
BR;2019/2023;Pregnancy;Female;80;0;0;1371868;1501717
BR;2019/2023;Respiratory;Female;80;12485;12701;1371868;1501717
BR;2019/2023;Undefined;Female;80;3922;3512;1371868;1501717
BR;2019/2023;All_causes;Male;80;71708;78191;927586;1016004
BR;2019/2023;All_other_causes;Male;80;15440;18031;927586;1016004
BR;2019/2023;Circulatory;Male;80;22939;24133;927586;1016004
BR;2019/2023;Covid;Male;80;0;813;927586;1016004
BR;2019/2023;External_causes;Male;80;2473;2896;927586;1016004
BR;2019/2023;Infec_parasit;Male;80;2374;2729;927586;1016004
BR;2019/2023;Neoplasms;Male;80;12720;13569;927586;1016004
BR;2019/2023;Pregnancy;Male;80;0;0;927586;1016004
BR;2019/2023;Respiratory;Male;80;12102;12536;927586;1016004
BR;2019/2023;Undefined;Male;80;3660;3484;927586;1016004
BR;2019/2023;All_causes;Female;85;158098;181224;751658;848711
BR;2019/2023;All_other_causes;Female;85;42852;53152;751658;848711
BR;2019/2023;Circulatory;Female;85;50181;55130;751658;848711
BR;2019/2023;Covid;Female;85;6;1708;751658;848711
BR;2019/2023;External_causes;Female;85;5581;6877;751658;848711
BR;2019/2023;Infec_parasit;Female;85;5802;6757;751658;848711
BR;2019/2023;Neoplasms;Female;85;12864;15051;751658;848711
BR;2019/2023;Pregnancy;Female;85;0;0;751658;848711
BR;2019/2023;Respiratory;Female;85;29986;31796;751658;848711
BR;2019/2023;Undefined;Female;85;10826;10753;751658;848711
BR;2019/2023;All_causes;Male;85;102176;112243;439552;506121
BR;2019/2023;All_other_causes;Male;85;23553;27519;439552;506121
BR;2019/2023;Circulatory;Male;85;31174;32749;439552;506121
BR;2019/2023;Covid;Male;85;3;1330;439552;506121
BR;2019/2023;External_causes;Male;85;3397;4067;439552;506121
BR;2019/2023;Infec_parasit;Male;85;3310;3876;439552;506121
BR;2019/2023;Neoplasms;Male;85;12884;14330;439552;506121
BR;2019/2023;Pregnancy;Male;85;0;0;439552;506121
BR;2019/2023;Respiratory;Male;85;21079;22028;439552;506121
BR;2019/2023;Undefined;Male;85;6776;6344;439552;506121
